{
	"credit": "Made with Blockbench",
	"textures": {
		"0": "block/chain",
		"1": "block/candle_torch",
		"2": "block/spruce_log",
		"3": "block/smithing_table_top",
		"particle": "block/chain"
	},
	"elements": [
		{
			"name": "octagon",
			"from": [3.02944, 0.01, -4],
			"to": [12.97056, 1.81, -2.2],
			"rotation": {"angle": 45, "axis": "y", "origin": [8, 0.9, 8]},
			"faces": {
				"north": {"uv": [3, 0, 6, 16], "rotation": 90, "texture": "#2"},
				"south": {"uv": [10, 0, 13, 16], "rotation": 90, "texture": "#2"},
				"up": {"uv": [5, 0, 8, 16], "rotation": 90, "texture": "#2"},
				"down": {"uv": [8, 0, 11, 16], "rotation": 90, "texture": "#2"}
			}
		},
		{
			"name": "octagon",
			"from": [3.02944, 0, -4],
			"to": [12.97056, 1.8, -2.2],
			"rotation": {"angle": 0, "axis": "y", "origin": [8, 0.9, 8]},
			"faces": {
				"north": {"uv": [8, 0, 11, 16], "rotation": 90, "texture": "#2"},
				"south": {"uv": [8, 0, 11, 16], "rotation": 90, "texture": "#2"},
				"up": {"uv": [7, 0, 10, 16], "rotation": 90, "texture": "#2"},
				"down": {"uv": [9, 0, 12, 16], "rotation": 90, "texture": "#2"}
			}
		},
		{
			"name": "octagon",
			"from": [3.02944, 0.01, 18.2],
			"to": [12.97056, 1.81, 20],
			"rotation": {"angle": 45, "axis": "y", "origin": [8, 0.9, 8]},
			"faces": {
				"north": {"uv": [6, 0, 9, 16], "rotation": 90, "texture": "#2"},
				"south": {"uv": [11, 0, 14, 16], "rotation": 90, "texture": "#2"},
				"up": {"uv": [8, 0, 11, 16], "rotation": 90, "texture": "#2"},
				"down": {"uv": [9, 0, 12, 16], "rotation": 90, "texture": "#2"}
			}
		},
		{
			"name": "octagon",
			"from": [3.02944, 0, 18.2],
			"to": [12.97056, 1.8, 20],
			"rotation": {"angle": 0, "axis": "y", "origin": [8, 0.9, 8]},
			"faces": {
				"north": {"uv": [5, 0, 8, 16], "rotation": 90, "texture": "#2"},
				"south": {"uv": [3, 0, 6, 16], "rotation": 90, "texture": "#2"},
				"up": {"uv": [7, 0, 10, 16], "rotation": 90, "texture": "#2"},
				"down": {"uv": [8, 0, 11, 16], "rotation": 90, "texture": "#2"}
			}
		},
		{
			"name": "octagon",
			"from": [-4, 0.01, 3.02944],
			"to": [-2.2, 1.81, 12.97056],
			"rotation": {"angle": 45, "axis": "y", "origin": [8, 0.9, 8]},
			"faces": {
				"east": {"uv": [7, 0, 10, 16], "rotation": 90, "texture": "#2"},
				"west": {"uv": [8, 0, 11, 16], "rotation": 90, "texture": "#2"},
				"up": {"uv": [4, 0, 7, 16], "texture": "#2"},
				"down": {"uv": [6, 0, 9, 16], "texture": "#2"}
			}
		},
		{
			"name": "octagon",
			"from": [-4, 0, 3.02944],
			"to": [-2.2, 1.8, 12.97056],
			"rotation": {"angle": 0, "axis": "y", "origin": [8, 0.9, 8]},
			"faces": {
				"east": {"uv": [8, 0, 11, 16], "rotation": 90, "texture": "#2"},
				"west": {"uv": [6, 0, 9, 16], "rotation": 90, "texture": "#2"},
				"up": {"uv": [5, 0, 8, 16], "texture": "#2"},
				"down": {"uv": [4, 0, 7, 16], "texture": "#2"}
			}
		},
		{
			"name": "octagon",
			"from": [18.2, 0.01, 3.02944],
			"to": [20, 1.81, 12.97056],
			"rotation": {"angle": 45, "axis": "y", "origin": [8, 0.9, 8]},
			"faces": {
				"east": {"uv": [5, 0, 8, 16], "rotation": 90, "texture": "#2"},
				"west": {"uv": [8, 0, 11, 16], "rotation": 90, "texture": "#2"},
				"up": {"uv": [3, 0, 6, 16], "texture": "#2"},
				"down": {"uv": [9, 0, 12, 16], "texture": "#2"}
			}
		},
		{
			"name": "octagon",
			"from": [18.2, 0, 3.02944],
			"to": [20, 1.8, 12.97056],
			"rotation": {"angle": 0, "axis": "y", "origin": [8, 0.9, 8]},
			"faces": {
				"east": {"uv": [8, 0, 11, 16], "rotation": 90, "texture": "#2"},
				"west": {"uv": [5, 0, 8, 16], "rotation": 90, "texture": "#2"},
				"up": {"uv": [3, 0, 6, 16], "texture": "#2"},
				"down": {"uv": [9, 0, 12, 16], "texture": "#2"}
			}
		},
		{
			"from": [8, 6, 18.85],
			"to": [8, 8, 19.35],
			"rotation": {"angle": 45, "axis": "y", "origin": [8, 4.05, 8]},
			"faces": {
				"north": {"uv": [0, 0, 0, 2], "texture": "#1"},
				"east": {"uv": [10, 4, 12, 6], "texture": "#1"},
				"south": {"uv": [0, 0, 0, 2], "texture": "#1"},
				"west": {"uv": [10, 2, 12, 4], "texture": "#1"},
				"up": {"uv": [0, 2, 0, 0], "rotation": 180, "texture": "#1"},
				"down": {"uv": [0, 0, 0, 2], "rotation": 180, "texture": "#1"}
			}
		},
		{
			"from": [7.75, 6, 19.1],
			"to": [8.25, 8, 19.1],
			"rotation": {"angle": 45, "axis": "y", "origin": [8, 4.05, 8]},
			"faces": {
				"north": {"uv": [10, 2, 12, 4], "texture": "#1"},
				"east": {"uv": [0, 0, 0, 2], "texture": "#1"},
				"south": {"uv": [10, 4, 12, 6], "texture": "#1"},
				"west": {"uv": [0, 0, 0, 2], "texture": "#1"},
				"up": {"uv": [0, 2, 0, 0], "rotation": 270, "texture": "#1"},
				"down": {"uv": [0, 0, 0, 2], "rotation": 90, "texture": "#1"}
			}
		},
		{
			"from": [7.3, 2.8, 18.4],
			"to": [8.7, 6.2, 19.8],
			"rotation": {"angle": 45, "axis": "y", "origin": [8, 4.05, 8]},
			"faces": {
				"north": {"uv": [6, 6, 8, 12], "texture": "#1"},
				"east": {"uv": [6, 0, 8, 6], "texture": "#1"},
				"south": {"uv": [2, 6, 4, 12], "texture": "#1"},
				"west": {"uv": [4, 6, 6, 12], "texture": "#1"},
				"up": {"uv": [10, 6, 8, 4], "rotation": 90, "texture": "#1"},
				"down": {"uv": [10, 6, 8, 8], "rotation": 270, "texture": "#1"}
			}
		},
		{
			"from": [7.5, 3, 18.6],
			"to": [8.5, 6, 19.6],
			"rotation": {"angle": 45, "axis": "y", "origin": [8, 4.05, 8]},
			"faces": {
				"north": {"uv": [0, 6, 2, 12], "texture": "#1"},
				"east": {"uv": [0, 0, 2, 6], "texture": "#1"},
				"south": {"uv": [2, 0, 4, 6], "texture": "#1"},
				"west": {"uv": [4, 0, 6, 6], "texture": "#1"},
				"up": {"uv": [10, 2, 8, 0], "rotation": 90, "texture": "#1"},
				"down": {"uv": [10, 2, 8, 4], "rotation": 270, "texture": "#1"}
			}
		},
		{
			"name": "octagon",
			"from": [7.02944, -0.2, 18],
			"to": [8.97056, 2, 20.2],
			"rotation": {"angle": 45, "axis": "y", "origin": [8, 4.05, 8]},
			"faces": {
				"north": {"uv": [2, 10, 5, 13], "texture": "#3"},
				"east": {"uv": [5, 2, 8, 5], "texture": "#3"},
				"south": {"uv": [10, 11, 13, 14], "texture": "#3"},
				"west": {"uv": [2, 5, 5, 8], "texture": "#3"},
				"up": {"uv": [11, 5, 14, 8], "texture": "#3"},
				"down": {"uv": [7, 12, 10, 15], "texture": "#3"}
			}
		},
		{
			"name": "octagon",
			"from": [7.02944, 2.4, 18],
			"to": [8.97056, 3, 20.2],
			"rotation": {"angle": 45, "axis": "y", "origin": [8, 4.05, 8]},
			"faces": {
				"north": {"uv": [1, 6, 4, 7], "texture": "#3"},
				"east": {"uv": [2, 7, 5, 8], "texture": "#3"},
				"south": {"uv": [9, 4, 12, 5], "texture": "#3"},
				"west": {"uv": [6, 1, 9, 2], "texture": "#3"},
				"up": {"uv": [2, 1, 5, 4], "texture": "#3"},
				"down": {"uv": [5, 2, 8, 5], "texture": "#3"}
			}
		},
		{
			"name": "octagon",
			"from": [7.72944, 2, 18.8],
			"to": [8.32944, 2.4, 19.4],
			"rotation": {"angle": 45, "axis": "y", "origin": [8, 4.05, 8]},
			"faces": {
				"north": {"uv": [9, 2, 10, 3], "texture": "#3"},
				"east": {"uv": [9, 2, 10, 3], "texture": "#3"},
				"south": {"uv": [9, 2, 10, 3], "texture": "#3"},
				"west": {"uv": [9, 2, 10, 3], "texture": "#3"},
				"up": {"uv": [9, 2, 10, 3], "texture": "#3"},
				"down": {"uv": [9, 2, 10, 3], "texture": "#3"}
			}
		},
		{
			"name": "octagon",
			"from": [7.77056, 0.7, 17.8],
			"to": [8.17056, 1.1, 20.4],
			"rotation": {"angle": 45, "axis": "y", "origin": [8, 4.05, 8]},
			"faces": {
				"north": {"uv": [10, 2, 9, 3], "texture": "#3"},
				"east": {"uv": [10, 2, 9, 3], "texture": "#3"},
				"south": {"uv": [10, 2, 9, 3], "texture": "#3"},
				"west": {"uv": [10, 2, 9, 3], "texture": "#3"},
				"up": {"uv": [10, 2, 9, 3], "texture": "#3"},
				"down": {"uv": [10, 2, 9, 3], "texture": "#3"}
			}
		},
		{
			"from": [8, 6, -3.35],
			"to": [8, 8, -2.85],
			"rotation": {"angle": 45, "axis": "y", "origin": [8, 4.05, 8]},
			"faces": {
				"north": {"uv": [0, 0, 0, 2], "texture": "#1"},
				"east": {"uv": [10, 4, 12, 6], "texture": "#1"},
				"south": {"uv": [0, 0, 0, 2], "texture": "#1"},
				"west": {"uv": [10, 2, 12, 4], "texture": "#1"},
				"up": {"uv": [0, 2, 0, 0], "rotation": 180, "texture": "#1"},
				"down": {"uv": [0, 0, 0, 2], "rotation": 180, "texture": "#1"}
			}
		},
		{
			"from": [7.75, 6, -3.1],
			"to": [8.25, 8, -3.1],
			"rotation": {"angle": 45, "axis": "y", "origin": [8, 4.05, 8]},
			"faces": {
				"north": {"uv": [10, 2, 12, 4], "texture": "#1"},
				"east": {"uv": [0, 0, 0, 2], "texture": "#1"},
				"south": {"uv": [10, 4, 12, 6], "texture": "#1"},
				"west": {"uv": [0, 0, 0, 2], "texture": "#1"},
				"up": {"uv": [0, 2, 0, 0], "rotation": 270, "texture": "#1"},
				"down": {"uv": [0, 0, 0, 2], "rotation": 90, "texture": "#1"}
			}
		},
		{
			"from": [7.3, 2.8, -3.8],
			"to": [8.7, 6.2, -2.4],
			"rotation": {"angle": 45, "axis": "y", "origin": [8, 4.05, 8]},
			"faces": {
				"north": {"uv": [6, 6, 8, 12], "texture": "#1"},
				"east": {"uv": [6, 0, 8, 6], "texture": "#1"},
				"south": {"uv": [2, 6, 4, 12], "texture": "#1"},
				"west": {"uv": [4, 6, 6, 12], "texture": "#1"},
				"up": {"uv": [10, 6, 8, 4], "rotation": 90, "texture": "#1"},
				"down": {"uv": [10, 6, 8, 8], "rotation": 270, "texture": "#1"}
			}
		},
		{
			"from": [7.5, 3, -3.6],
			"to": [8.5, 6, -2.6],
			"rotation": {"angle": 45, "axis": "y", "origin": [8, 4.05, 8]},
			"faces": {
				"north": {"uv": [0, 6, 2, 12], "texture": "#1"},
				"east": {"uv": [0, 0, 2, 6], "texture": "#1"},
				"south": {"uv": [2, 0, 4, 6], "texture": "#1"},
				"west": {"uv": [4, 0, 6, 6], "texture": "#1"},
				"up": {"uv": [10, 2, 8, 0], "rotation": 90, "texture": "#1"},
				"down": {"uv": [10, 2, 8, 4], "rotation": 270, "texture": "#1"}
			}
		},
		{
			"name": "octagon",
			"from": [7.02944, -0.2, -4.2],
			"to": [8.97056, 2, -2],
			"rotation": {"angle": 45, "axis": "y", "origin": [8, 4.05, 8]},
			"faces": {
				"north": {"uv": [1, 7, 4, 10], "texture": "#3"},
				"east": {"uv": [3, 2, 6, 5], "texture": "#3"},
				"south": {"uv": [1, 4, 4, 7], "texture": "#3"},
				"west": {"uv": [1, 10, 4, 13], "texture": "#3"},
				"up": {"uv": [10, 3, 13, 6], "texture": "#3"},
				"down": {"uv": [6, 1, 9, 4], "texture": "#3"}
			}
		},
		{
			"name": "octagon",
			"from": [7.02944, 2.4, -4.2],
			"to": [8.97056, 3, -2],
			"rotation": {"angle": 45, "axis": "y", "origin": [8, 4.05, 8]},
			"faces": {
				"north": {"uv": [7, 1, 10, 2], "texture": "#3"},
				"east": {"uv": [2, 1, 5, 2], "texture": "#3"},
				"south": {"uv": [9, 4, 12, 5], "texture": "#3"},
				"west": {"uv": [2, 2, 5, 3], "texture": "#3"},
				"up": {"uv": [2, 3, 5, 6], "texture": "#3"},
				"down": {"uv": [6, 2, 9, 5], "texture": "#3"}
			}
		},
		{
			"name": "octagon",
			"from": [7.72944, 2, -3.4],
			"to": [8.32944, 2.4, -2.8],
			"rotation": {"angle": 45, "axis": "y", "origin": [8, 4.05, 8]},
			"faces": {
				"north": {"uv": [9, 2, 10, 3], "texture": "#3"},
				"east": {"uv": [9, 2, 10, 3], "texture": "#3"},
				"south": {"uv": [9, 2, 10, 3], "texture": "#3"},
				"west": {"uv": [9, 2, 10, 3], "texture": "#3"},
				"up": {"uv": [9, 2, 10, 3], "texture": "#3"},
				"down": {"uv": [9, 2, 10, 3], "texture": "#3"}
			}
		},
		{
			"name": "octagon",
			"from": [7.77056, 0.7, -4.4],
			"to": [8.17056, 1.1, -1.8],
			"rotation": {"angle": 45, "axis": "y", "origin": [8, 4.05, 8]},
			"faces": {
				"north": {"uv": [9, 2, 10, 3], "texture": "#3"},
				"east": {"uv": [9, 2, 10, 3], "texture": "#3"},
				"south": {"uv": [9, 2, 10, 3], "texture": "#3"},
				"west": {"uv": [9, 2, 10, 3], "texture": "#3"},
				"up": {"uv": [9, 2, 10, 3], "texture": "#3"},
				"down": {"uv": [9, 2, 10, 3], "texture": "#3"}
			}
		},
		{
			"from": [8, 6, 18.85],
			"to": [8, 8, 19.35],
			"rotation": {"angle": -45, "axis": "y", "origin": [8, 4.05, 8]},
			"faces": {
				"north": {"uv": [0, 0, 0, 2], "texture": "#1"},
				"east": {"uv": [10, 4, 12, 6], "texture": "#1"},
				"south": {"uv": [0, 0, 0, 2], "texture": "#1"},
				"west": {"uv": [10, 2, 12, 4], "texture": "#1"},
				"up": {"uv": [0, 2, 0, 0], "rotation": 180, "texture": "#1"},
				"down": {"uv": [0, 0, 0, 2], "rotation": 180, "texture": "#1"}
			}
		},
		{
			"from": [7.75, 6, 19.1],
			"to": [8.25, 8, 19.1],
			"rotation": {"angle": -45, "axis": "y", "origin": [8, 4.05, 8]},
			"faces": {
				"north": {"uv": [10, 2, 12, 4], "texture": "#1"},
				"east": {"uv": [0, 0, 0, 2], "texture": "#1"},
				"south": {"uv": [10, 4, 12, 6], "texture": "#1"},
				"west": {"uv": [0, 0, 0, 2], "texture": "#1"},
				"up": {"uv": [0, 2, 0, 0], "rotation": 270, "texture": "#1"},
				"down": {"uv": [0, 0, 0, 2], "rotation": 90, "texture": "#1"}
			}
		},
		{
			"from": [7.3, 2.8, 18.4],
			"to": [8.7, 6.2, 19.8],
			"rotation": {"angle": -45, "axis": "y", "origin": [8, 4.05, 8]},
			"faces": {
				"north": {"uv": [6, 6, 8, 12], "texture": "#1"},
				"east": {"uv": [6, 0, 8, 6], "texture": "#1"},
				"south": {"uv": [2, 6, 4, 12], "texture": "#1"},
				"west": {"uv": [4, 6, 6, 12], "texture": "#1"},
				"up": {"uv": [10, 6, 8, 4], "rotation": 90, "texture": "#1"},
				"down": {"uv": [10, 6, 8, 8], "rotation": 270, "texture": "#1"}
			}
		},
		{
			"from": [7.5, 3, 18.6],
			"to": [8.5, 6, 19.6],
			"rotation": {"angle": -45, "axis": "y", "origin": [8, 4.05, 8]},
			"faces": {
				"north": {"uv": [0, 6, 2, 12], "texture": "#1"},
				"east": {"uv": [0, 0, 2, 6], "texture": "#1"},
				"south": {"uv": [2, 0, 4, 6], "texture": "#1"},
				"west": {"uv": [4, 0, 6, 6], "texture": "#1"},
				"up": {"uv": [10, 2, 8, 0], "rotation": 90, "texture": "#1"},
				"down": {"uv": [10, 2, 8, 4], "rotation": 270, "texture": "#1"}
			}
		},
		{
			"name": "octagon",
			"from": [7.02944, -0.2, 18],
			"to": [8.97056, 2, 20.2],
			"rotation": {"angle": -45, "axis": "y", "origin": [8, 4.05, 8]},
			"faces": {
				"north": {"uv": [7, 12, 10, 15], "texture": "#3"},
				"east": {"uv": [10, 11, 13, 14], "texture": "#3"},
				"south": {"uv": [1, 2, 4, 5], "texture": "#3"},
				"west": {"uv": [3, 2, 6, 5], "texture": "#3"},
				"up": {"uv": [1, 7, 4, 10], "texture": "#3"},
				"down": {"uv": [9, 4, 12, 7], "texture": "#3"}
			}
		},
		{
			"name": "octagon",
			"from": [7.02944, 2.4, 18],
			"to": [8.97056, 3, 20.2],
			"rotation": {"angle": -45, "axis": "y", "origin": [8, 4.05, 8]},
			"faces": {
				"north": {"uv": [7, 1, 10, 2], "texture": "#3"},
				"east": {"uv": [5, 3, 8, 4], "texture": "#3"},
				"south": {"uv": [1, 4, 4, 5], "texture": "#3"},
				"west": {"uv": [2, 2, 5, 3], "texture": "#3"},
				"up": {"uv": [2, 9, 5, 12], "texture": "#3"},
				"down": {"uv": [11, 3, 14, 6], "texture": "#3"}
			}
		},
		{
			"name": "octagon",
			"from": [7.72944, 2, 18.8],
			"to": [8.32944, 2.4, 19.4],
			"rotation": {"angle": -45, "axis": "y", "origin": [8, 4.05, 8]},
			"faces": {
				"north": {"uv": [10, 2, 11, 3], "texture": "#3"},
				"east": {"uv": [10, 2, 11, 3], "texture": "#3"},
				"south": {"uv": [10, 2, 11, 3], "texture": "#3"},
				"west": {"uv": [10, 2, 11, 3], "texture": "#3"},
				"up": {"uv": [10, 2, 11, 3], "texture": "#3"},
				"down": {"uv": [10, 2, 11, 3], "texture": "#3"}
			}
		},
		{
			"name": "octagon",
			"from": [7.77056, 0.7, 17.8],
			"to": [8.17056, 1.1, 20.4],
			"rotation": {"angle": -45, "axis": "y", "origin": [8, 4.05, 8]},
			"faces": {
				"north": {"uv": [9, 2, 10, 3], "texture": "#3"},
				"east": {"uv": [9, 2, 10, 3], "texture": "#3"},
				"south": {"uv": [9, 2, 10, 3], "texture": "#3"},
				"west": {"uv": [9, 2, 10, 3], "texture": "#3"},
				"up": {"uv": [9, 2, 10, 3], "texture": "#3"},
				"down": {"uv": [9, 2, 10, 3], "texture": "#3"}
			}
		},
		{
			"from": [8, 6, -3.35],
			"to": [8, 8, -2.85],
			"rotation": {"angle": -45, "axis": "y", "origin": [8, 4.05, 8]},
			"faces": {
				"north": {"uv": [0, 0, 0, 2], "texture": "#1"},
				"east": {"uv": [10, 4, 12, 6], "texture": "#1"},
				"south": {"uv": [0, 0, 0, 2], "texture": "#1"},
				"west": {"uv": [10, 2, 12, 4], "texture": "#1"},
				"up": {"uv": [0, 2, 0, 0], "rotation": 180, "texture": "#1"},
				"down": {"uv": [0, 0, 0, 2], "rotation": 180, "texture": "#1"}
			}
		},
		{
			"from": [7.75, 6, -3.1],
			"to": [8.25, 8, -3.1],
			"rotation": {"angle": -45, "axis": "y", "origin": [8, 4.05, 8]},
			"faces": {
				"north": {"uv": [10, 2, 12, 4], "texture": "#1"},
				"east": {"uv": [0, 0, 0, 2], "texture": "#1"},
				"south": {"uv": [10, 4, 12, 6], "texture": "#1"},
				"west": {"uv": [0, 0, 0, 2], "texture": "#1"},
				"up": {"uv": [0, 2, 0, 0], "rotation": 270, "texture": "#1"},
				"down": {"uv": [0, 0, 0, 2], "rotation": 90, "texture": "#1"}
			}
		},
		{
			"from": [7.3, 2.8, -3.8],
			"to": [8.7, 6.2, -2.4],
			"rotation": {"angle": -45, "axis": "y", "origin": [8, 4.05, 8]},
			"faces": {
				"north": {"uv": [6, 6, 8, 12], "texture": "#1"},
				"east": {"uv": [6, 0, 8, 6], "texture": "#1"},
				"south": {"uv": [2, 6, 4, 12], "texture": "#1"},
				"west": {"uv": [4, 6, 6, 12], "texture": "#1"},
				"up": {"uv": [10, 6, 8, 4], "rotation": 90, "texture": "#1"},
				"down": {"uv": [10, 6, 8, 8], "rotation": 270, "texture": "#1"}
			}
		},
		{
			"from": [7.5, 3, -3.6],
			"to": [8.5, 6, -2.6],
			"rotation": {"angle": -45, "axis": "y", "origin": [8, 4.05, 8]},
			"faces": {
				"north": {"uv": [0, 6, 2, 12], "texture": "#1"},
				"east": {"uv": [0, 0, 2, 6], "texture": "#1"},
				"south": {"uv": [2, 0, 4, 6], "texture": "#1"},
				"west": {"uv": [4, 0, 6, 6], "texture": "#1"},
				"up": {"uv": [10, 2, 8, 0], "rotation": 90, "texture": "#1"},
				"down": {"uv": [10, 2, 8, 4], "rotation": 270, "texture": "#1"}
			}
		},
		{
			"name": "octagon",
			"from": [7.02944, -0.2, -4.2],
			"to": [8.97056, 2, -2],
			"rotation": {"angle": -45, "axis": "y", "origin": [8, 4.05, 8]},
			"faces": {
				"north": {"uv": [6, 2, 9, 5], "texture": "#3"},
				"east": {"uv": [3, 2, 6, 5], "texture": "#3"},
				"south": {"uv": [11, 5, 14, 8], "texture": "#3"},
				"west": {"uv": [1, 10, 4, 13], "texture": "#3"},
				"up": {"uv": [1, 6, 4, 9], "texture": "#3"},
				"down": {"uv": [10, 3, 13, 6], "texture": "#3"}
			}
		},
		{
			"name": "octagon",
			"from": [7.02944, 2.4, -4.2],
			"to": [8.97056, 3, -2],
			"rotation": {"angle": -45, "axis": "y", "origin": [8, 4.05, 8]},
			"faces": {
				"north": {"uv": [3, 1, 6, 2], "texture": "#3"},
				"east": {"uv": [9, 4, 12, 5], "texture": "#3"},
				"south": {"uv": [7, 1, 10, 2], "texture": "#3"},
				"west": {"uv": [5, 2, 8, 3], "texture": "#3"},
				"up": {"uv": [2, 2, 5, 5], "texture": "#3"},
				"down": {"uv": [2, 5, 5, 8], "texture": "#3"}
			}
		},
		{
			"name": "octagon",
			"from": [7.72944, 2, -3.4],
			"to": [8.32944, 2.4, -2.8],
			"rotation": {"angle": -45, "axis": "y", "origin": [8, 4.05, 8]},
			"faces": {
				"north": {"uv": [9, 2, 10, 3], "texture": "#3"},
				"east": {"uv": [9, 2, 10, 3], "texture": "#3"},
				"south": {"uv": [9, 2, 10, 3], "texture": "#3"},
				"west": {"uv": [9, 2, 10, 3], "texture": "#3"},
				"up": {"uv": [9, 2, 10, 3], "texture": "#3"},
				"down": {"uv": [9, 2, 10, 3], "texture": "#3"}
			}
		},
		{
			"name": "octagon",
			"from": [7.77056, 0.7, -4.4],
			"to": [8.17056, 1.1, -1.8],
			"rotation": {"angle": -45, "axis": "y", "origin": [8, 4.05, 8]},
			"faces": {
				"north": {"uv": [10, 2, 9, 3], "texture": "#3"},
				"east": {"uv": [10, 2, 9, 3], "texture": "#3"},
				"south": {"uv": [10, 2, 9, 3], "texture": "#3"},
				"west": {"uv": [10, 2, 9, 3], "texture": "#3"},
				"up": {"uv": [10, 2, 9, 3], "texture": "#3"},
				"down": {"uv": [10, 2, 9, 3], "texture": "#3"}
			}
		},
		{
			"from": [1.82505, -5.66018, 8.03972],
			"to": [3.32505, 2.33982, 8.03972],
			"shade": false,
			"rotation": {"angle": -45, "axis": "z", "origin": [8.01028, 5.40459, 8]},
			"faces": {
				"north": {"uv": [3, 0, 0, 16], "texture": "#0"},
				"south": {"uv": [0, 0, 3, 16], "texture": "#0"}
			}
		},
		{
			"from": [2.57505, -5.66018, 7.28972],
			"to": [2.57505, 2.33982, 8.78972],
			"shade": false,
			"rotation": {"angle": -45, "axis": "z", "origin": [8.01028, 5.40459, 8]},
			"faces": {
				"east": {"uv": [3, 0, 6, 16], "texture": "#0"},
				"west": {"uv": [6, 0, 3, 16], "texture": "#0"}
			}
		},
		{
			"from": [1.82505, 2.33982, 8.03972],
			"to": [3.32505, 10.33982, 8.03972],
			"shade": false,
			"rotation": {"angle": -45, "axis": "z", "origin": [8.01028, 5.40459, 8]},
			"faces": {
				"north": {"uv": [3, 0, 0, 16], "texture": "#0"},
				"south": {"uv": [0, 0, 3, 16], "texture": "#0"}
			}
		},
		{
			"from": [2.57505, 2.33982, 7.28972],
			"to": [2.57505, 10.33982, 8.78972],
			"shade": false,
			"rotation": {"angle": -45, "axis": "z", "origin": [8.01028, 5.40459, 8]},
			"faces": {
				"east": {"uv": [3, 0, 6, 16], "texture": "#0"},
				"west": {"uv": [6, 0, 3, 16], "texture": "#0"}
			}
		},
		{
			"name": "octagon",
			"from": [-4.18972, -0.2, 7.01916],
			"to": [-1.98972, 2, 8.96028],
			"rotation": {"angle": 0, "axis": "y", "origin": [8.01028, 5.40459, 8]},
			"faces": {
				"north": {"uv": [2, 6, 5, 9], "texture": "#3"},
				"east": {"uv": [3, 9, 6, 12], "texture": "#3"},
				"south": {"uv": [3, 1, 6, 4], "texture": "#3"},
				"west": {"uv": [2, 4, 5, 7], "texture": "#3"},
				"up": {"uv": [6, 2, 9, 5], "texture": "#3"},
				"down": {"uv": [9, 3, 12, 6], "texture": "#3"}
			}
		},
		{
			"name": "octagon",
			"from": [-4.38972, 0.7, 7.76028],
			"to": [-1.78972, 1.1, 8.16028],
			"rotation": {"angle": 0, "axis": "y", "origin": [8.01028, 5.40459, 8]},
			"faces": {
				"north": {"uv": [9, 3, 10, 4], "texture": "#3"},
				"east": {"uv": [9, 3, 10, 4], "texture": "#3"},
				"south": {"uv": [9, 3, 10, 4], "texture": "#3"},
				"west": {"uv": [9, 3, 10, 4], "texture": "#3"},
				"up": {"uv": [9, 3, 10, 4], "texture": "#3"},
				"down": {"uv": [9, 3, 10, 4], "texture": "#3"}
			}
		},
		{
			"from": [12.69551, -5.66018, 8.03972],
			"to": [14.19551, 2.33982, 8.03972],
			"shade": false,
			"rotation": {"angle": 45, "axis": "z", "origin": [8.01028, 5.40459, 8]},
			"faces": {
				"north": {"uv": [0, 0, 3, 16], "texture": "#0"},
				"south": {"uv": [3, 0, 0, 16], "texture": "#0"}
			}
		},
		{
			"from": [13.44551, -5.66018, 7.28972],
			"to": [13.44551, 2.33982, 8.78972],
			"shade": false,
			"rotation": {"angle": 45, "axis": "z", "origin": [8.01028, 5.40459, 8]},
			"faces": {
				"east": {"uv": [3, 0, 6, 16], "texture": "#0"},
				"west": {"uv": [6, 0, 3, 16], "texture": "#0"}
			}
		},
		{
			"from": [12.69551, 2.33982, 8.03972],
			"to": [14.19551, 10.33982, 8.03972],
			"shade": false,
			"rotation": {"angle": 45, "axis": "z", "origin": [8.01028, 5.40459, 8]},
			"faces": {
				"north": {"uv": [0, 0, 3, 16], "texture": "#0"},
				"south": {"uv": [3, 0, 0, 16], "texture": "#0"}
			}
		},
		{
			"from": [13.44551, 2.33982, 7.28972],
			"to": [13.44551, 10.33982, 8.78972],
			"shade": false,
			"rotation": {"angle": 45, "axis": "z", "origin": [8.01028, 5.40459, 8]},
			"faces": {
				"east": {"uv": [3, 0, 6, 16], "texture": "#0"},
				"west": {"uv": [6, 0, 3, 16], "texture": "#0"}
			}
		},
		{
			"name": "octagon",
			"from": [18.01028, -0.2, 7.01916],
			"to": [20.21028, 2, 8.96028],
			"rotation": {"angle": 0, "axis": "y", "origin": [8.01028, 5.40459, 8]},
			"faces": {
				"north": {"uv": [5, 2, 2, 5], "texture": "#3"},
				"east": {"uv": [8, 3, 5, 6], "texture": "#3"},
				"south": {"uv": [4, 5, 1, 8], "texture": "#3"},
				"west": {"uv": [5, 9, 2, 12], "texture": "#3"},
				"up": {"uv": [7, 2, 4, 5], "texture": "#3"},
				"down": {"uv": [6, 6, 3, 9], "texture": "#3"}
			}
		},
		{
			"name": "octagon",
			"from": [17.81028, 0.7, 7.76028],
			"to": [20.41028, 1.1, 8.16028],
			"rotation": {"angle": 0, "axis": "y", "origin": [8.01028, 5.40459, 8]},
			"faces": {
				"north": {"uv": [10, 2, 9, 3], "texture": "#3"},
				"east": {"uv": [10, 2, 9, 3], "texture": "#3"},
				"south": {"uv": [10, 2, 9, 3], "texture": "#3"},
				"west": {"uv": [10, 2, 9, 3], "texture": "#3"},
				"up": {"uv": [10, 2, 9, 3], "texture": "#3"},
				"down": {"uv": [10, 2, 9, 3], "texture": "#3"}
			}
		},
		{
			"from": [8.05, -0.61073, -0.27678],
			"to": [8.05, 7.38927, 1.22322],
			"shade": false,
			"rotation": {"angle": 45, "axis": "x", "origin": [8.01028, 5.40459, 0.85901]},
			"faces": {
				"east": {"uv": [3, 0, 0, 16], "texture": "#0"},
				"west": {"uv": [0, 0, 3, 16], "texture": "#0"}
			}
		},
		{
			"from": [7.3, -0.61073, 0.47322],
			"to": [8.8, 7.38927, 0.47322],
			"shade": false,
			"rotation": {"angle": 45, "axis": "x", "origin": [8.01028, 5.40459, 0.85901]},
			"faces": {
				"north": {"uv": [3, 0, 6, 16], "texture": "#0"},
				"south": {"uv": [6, 0, 3, 16], "texture": "#0"}
			}
		},
		{
			"from": [8.05, 7.38927, -0.27678],
			"to": [8.05, 15.38927, 1.22322],
			"shade": false,
			"rotation": {"angle": 45, "axis": "x", "origin": [8.01028, 5.40459, 0.85901]},
			"faces": {
				"east": {"uv": [3, 0, 0, 16], "texture": "#0"},
				"west": {"uv": [0, 0, 3, 16], "texture": "#0"}
			}
		},
		{
			"from": [7.3, 7.38927, 0.47322],
			"to": [8.8, 15.38927, 0.47322],
			"shade": false,
			"rotation": {"angle": 45, "axis": "x", "origin": [8.01028, 5.40459, 0.85901]},
			"faces": {
				"north": {"uv": [3, 0, 6, 16], "texture": "#0"},
				"south": {"uv": [6, 0, 3, 16], "texture": "#0"}
			}
		},
		{
			"name": "octagon",
			"from": [7.02944, -0.2, -4.2],
			"to": [8.97056, 2, -2],
			"rotation": {"angle": 0, "axis": "y", "origin": [8.01028, 5.40459, 0.85901]},
			"faces": {
				"north": {"uv": [10, 2, 7, 5], "texture": "#3"},
				"east": {"uv": [5, 2, 2, 5], "texture": "#3"},
				"south": {"uv": [4, 6, 1, 9], "texture": "#3"},
				"west": {"uv": [14, 9, 11, 12], "texture": "#3"},
				"up": {"uv": [13, 4, 10, 7], "texture": "#3"},
				"down": {"uv": [11, 6, 8, 9], "texture": "#3"}
			}
		},
		{
			"name": "octagon",
			"from": [7.77056, 0.7, -4.4],
			"to": [8.17056, 1.1, -1.8],
			"rotation": {"angle": 0, "axis": "y", "origin": [8.01028, 5.40459, 0.85901]},
			"faces": {
				"north": {"uv": [10, 2, 9, 3], "texture": "#3"},
				"east": {"uv": [10, 2, 9, 3], "texture": "#3"},
				"south": {"uv": [10, 2, 9, 3], "texture": "#3"},
				"west": {"uv": [10, 2, 9, 3], "texture": "#3"},
				"up": {"uv": [10, 2, 9, 3], "texture": "#3"},
				"down": {"uv": [10, 2, 9, 3], "texture": "#3"}
			}
		},
		{
			"from": [8.05, -0.61073, 14.77678],
			"to": [8.05, 7.38927, 16.27678],
			"shade": false,
			"rotation": {"angle": -45, "axis": "x", "origin": [8.01028, 5.40459, 15.14099]},
			"faces": {
				"east": {"uv": [0, 0, 3, 16], "texture": "#0"},
				"west": {"uv": [3, 0, 0, 16], "texture": "#0"}
			}
		},
		{
			"from": [7.3, -0.61073, 15.52678],
			"to": [8.8, 7.38927, 15.52678],
			"shade": false,
			"rotation": {"angle": -45, "axis": "x", "origin": [8.01028, 5.40459, 15.14099]},
			"faces": {
				"north": {"uv": [3, 0, 6, 16], "texture": "#0"},
				"south": {"uv": [6, 0, 3, 16], "texture": "#0"}
			}
		},
		{
			"from": [8.05, 7.38927, 14.77678],
			"to": [8.05, 15.38927, 16.27678],
			"shade": false,
			"rotation": {"angle": -45, "axis": "x", "origin": [8.01028, 5.40459, 15.14099]},
			"faces": {
				"east": {"uv": [0, 0, 3, 16], "texture": "#0"},
				"west": {"uv": [3, 0, 0, 16], "texture": "#0"}
			}
		},
		{
			"from": [7.3, 7.38927, 15.52678],
			"to": [8.8, 15.38927, 15.52678],
			"shade": false,
			"rotation": {"angle": -45, "axis": "x", "origin": [8.01028, 5.40459, 15.14099]},
			"faces": {
				"north": {"uv": [3, 0, 6, 16], "texture": "#0"},
				"south": {"uv": [6, 0, 3, 16], "texture": "#0"}
			}
		},
		{
			"name": "octagon",
			"from": [7.02944, -0.2, 18],
			"to": [8.97056, 2, 20.2],
			"rotation": {"angle": 0, "axis": "y", "origin": [8.01028, 5.40459, 15.14099]},
			"faces": {
				"north": {"uv": [3, 3, 6, 6], "texture": "#3"},
				"east": {"uv": [3, 3, 6, 6], "texture": "#3"},
				"south": {"uv": [6, 1, 9, 4], "texture": "#3"},
				"west": {"uv": [10, 4, 13, 7], "texture": "#3"},
				"up": {"uv": [1, 4, 4, 7], "texture": "#3"},
				"down": {"uv": [10, 10, 13, 13], "texture": "#3"}
			}
		},
		{
			"name": "octagon",
			"from": [7.77056, 0.7, 17.8],
			"to": [8.17056, 1.1, 20.4],
			"rotation": {"angle": 0, "axis": "y", "origin": [8.01028, 5.40459, 15.14099]},
			"faces": {
				"north": {"uv": [4, 6, 5, 7], "rotation": 270, "texture": "#3"},
				"east": {"uv": [4, 6, 5, 7], "rotation": 270, "texture": "#3"},
				"south": {"uv": [4, 6, 5, 7], "rotation": 270, "texture": "#3"},
				"west": {"uv": [4, 6, 5, 7], "rotation": 270, "texture": "#3"},
				"up": {"uv": [4, 6, 5, 7], "rotation": 270, "texture": "#3"},
				"down": {"uv": [4, 6, 5, 7], "rotation": 270, "texture": "#3"}
			}
		},
		{
			"from": [7.28536, 20.7, 8.03536],
			"to": [8.78536, 28.7, 8.03536],
			"shade": false,
			"rotation": {"angle": 45, "axis": "y", "origin": [8.03536, 16.7, 8.03536]},
			"faces": {
				"north": {"uv": [3, 0, 0, 16], "texture": "#0"},
				"south": {"uv": [0, 0, 3, 16], "texture": "#0"}
			}
		},
		{
			"from": [8.03536, 20.7, 7.28536],
			"to": [8.03536, 28.7, 8.78536],
			"shade": false,
			"rotation": {"angle": 45, "axis": "y", "origin": [8.03536, 16.7, 8.03536]},
			"faces": {
				"east": {"uv": [3, 0, 6, 16], "texture": "#0"},
				"west": {"uv": [6, 0, 3, 16], "texture": "#0"}
			}
		},
		{
			"from": [7.28536, 12.7, 8.03536],
			"to": [8.78536, 20.7, 8.03536],
			"shade": false,
			"rotation": {"angle": 45, "axis": "y", "origin": [8.03536, 16.7, 8.03536]},
			"faces": {
				"north": {"uv": [3, 0, 0, 16], "texture": "#0"},
				"south": {"uv": [0, 0, 3, 16], "texture": "#0"}
			}
		},
		{
			"from": [8.03536, 12.7, 7.28536],
			"to": [8.03536, 20.7, 8.78536],
			"shade": false,
			"rotation": {"angle": 45, "axis": "y", "origin": [8.03536, 16.7, 8.03536]},
			"faces": {
				"east": {"uv": [3, 0, 6, 16], "texture": "#0"},
				"west": {"uv": [6, 0, 3, 16], "texture": "#0"}
			}
		}
	],
	"display": {
		"thirdperson_righthand": {
			"rotation": [27.89, -4.24, 14.51],
			"translation": [-1, 2.25, 0],
			"scale": [0.2, 0.2, 0.2]
		},
		"thirdperson_lefthand": {
			"rotation": [27.89, -4.24, 14.51],
			"translation": [-1, 2.25, 0],
			"scale": [0.2, 0.2, 0.2]
		},
		"firstperson_righthand": {
			"translation": [1.25, 2.5, 0],
			"scale": [0.2, 0.2, 0.2]
		},
		"ground": {
			"translation": [0, 2, 0],
			"scale": [0.5, 0.5, 0.5]
		},
		"gui": {
			"rotation": [8.65, -36.27, -25.91],
			"translation": [0.5, -1.25, 0],
			"scale": [0.45, 0.45, 0.45]
		},
		"fixed": {
			"scale": [0.4, 0.4, 0.4]
		}
	},
	"groups": [
		{
			"name": "octagon",
			"origin": [8, 8, 8],
			"color": 0,
			"children": [0, 1, 2, 3, 4, 5, 6, 7]
		},
		{
			"name": "group",
			"origin": [8, 8, 8],
			"color": 0,
			"children": [
				{
					"name": "group",
					"origin": [8, 8, 8],
					"color": 0,
					"children": [
						{
							"name": "group",
							"origin": [8, 8, 8],
							"color": 0,
							"children": [
								{
									"name": "group",
									"origin": [8, 8, 8],
									"color": 0,
									"children": [8, 9]
								},
								10,
								11
							]
						},
						{
							"name": "group",
							"origin": [8, 0.9, 8],
							"color": 0,
							"children": [12, 13, 14, 15]
						}
					]
				},
				{
					"name": "group",
					"origin": [8, 8, 8],
					"color": 0,
					"children": [
						{
							"name": "group",
							"origin": [8, 8, 8],
							"color": 0,
							"children": [
								{
									"name": "group",
									"origin": [8, 8, 8],
									"color": 0,
									"children": [16, 17]
								},
								18,
								19
							]
						},
						{
							"name": "group",
							"origin": [8, 0.9, 8],
							"color": 0,
							"children": [20, 21, 22, 23]
						}
					]
				},
				{
					"name": "group",
					"origin": [8, 8, 8],
					"color": 0,
					"children": [
						{
							"name": "group",
							"origin": [8, 8, 8],
							"color": 0,
							"children": [
								{
									"name": "group",
									"origin": [8, 8, 8],
									"color": 0,
									"children": [24, 25]
								},
								26,
								27
							]
						},
						{
							"name": "group",
							"origin": [8, 0.9, 8],
							"color": 0,
							"children": [28, 29, 30, 31]
						}
					]
				},
				{
					"name": "group",
					"origin": [8, 8, 8],
					"color": 0,
					"children": [
						{
							"name": "group",
							"origin": [8, 8, 8],
							"color": 0,
							"children": [
								{
									"name": "group",
									"origin": [8, 8, 8],
									"color": 0,
									"children": [32, 33]
								},
								34,
								35
							]
						},
						{
							"name": "group",
							"origin": [8, 0.9, 8],
							"color": 0,
							"children": [36, 37, 38, 39]
						}
					]
				}
			]
		},
		{
			"name": "t",
			"origin": [8, 8, 8],
			"color": 0,
			"children": [
				{
					"name": "group",
					"origin": [8, 8, 8],
					"color": 0,
					"children": [
						{
							"name": "group",
							"origin": [8, 8, 8],
							"color": 0,
							"children": [40, 41]
						},
						{
							"name": "group",
							"origin": [8, 8, 8],
							"color": 0,
							"children": [42, 43]
						},
						{
							"name": "group",
							"origin": [8, 4.05, 8],
							"color": 0,
							"children": [44, 45]
						}
					]
				},
				{
					"name": "group",
					"origin": [8, 8, 8],
					"color": 0,
					"children": [
						{
							"name": "group",
							"origin": [8, 8, 8],
							"color": 0,
							"children": [46, 47]
						},
						{
							"name": "group",
							"origin": [8, 8, 8],
							"color": 0,
							"children": [48, 49]
						},
						{
							"name": "group",
							"origin": [8, 4.05, 8],
							"color": 0,
							"children": [50, 51]
						}
					]
				},
				{
					"name": "group",
					"origin": [8, 8, 8],
					"color": 0,
					"children": [
						{
							"name": "group",
							"origin": [8, 8, 8],
							"color": 0,
							"children": [52, 53]
						},
						{
							"name": "group",
							"origin": [8, 8, 8],
							"color": 0,
							"children": [54, 55]
						},
						{
							"name": "group",
							"origin": [8, 4.05, 8],
							"color": 0,
							"children": [56, 57]
						}
					]
				},
				{
					"name": "group",
					"origin": [8, 8, 8],
					"color": 0,
					"children": [
						{
							"name": "group",
							"origin": [8, 8, 8],
							"color": 0,
							"children": [58, 59]
						},
						{
							"name": "group",
							"origin": [8, 8, 8],
							"color": 0,
							"children": [60, 61]
						},
						{
							"name": "group",
							"origin": [8, 4.05, 8],
							"color": 0,
							"children": [62, 63]
						}
					]
				},
				{
					"name": "group",
					"origin": [8, 8, 8],
					"color": 0,
					"children": [64, 65]
				},
				{
					"name": "group",
					"origin": [8, 8, 8],
					"color": 0,
					"children": [66, 67]
				}
			]
		}
	]
}