{
	"credit": "Made with Blockbench",
	"texture_size": [64, 64],
	"textures": {
		"0": "block/thing",
		"particle": "block/thing"
	},
	"elements": [
		{
			"from": [0.04418, 0, -0.04418],
			"to": [16.04418, 7, 15.95582],
			"rotation": {"angle": 0, "axis": "y", "origin": [11.35, 9.95227, 7.70582]},
			"faces": {
				"north": {"uv": [11.5, 3.5, 7.5, 5.25], "texture": "#0"},
				"east": {"uv": [11.5, 1.75, 7.5, 3.5], "texture": "#0"},
				"south": {"uv": [11.5, 0, 7.5, 1.75], "texture": "#0"},
				"west": {"uv": [8, 7, 4, 8.75], "texture": "#0"},
				"up": {"uv": [4, 0, 0, 4], "rotation": 90, "texture": "#0"},
				"down": {"uv": [4, 8, 0, 4], "rotation": 270, "texture": "#0"}
			}
		},
		{
			"from": [14.15582, 7.07442, 6.95583],
			"to": [15.15583, 13.07442, 7.95583],
			"rotation": {"angle": 0, "axis": "y", "origin": [11.35, 9.95227, 7.70582]},
			"faces": {
				"north": {"uv": [4, 8, 3.75, 9.5], "texture": "#0"},
				"east": {"uv": [3.75, 8, 3.5, 9.5], "texture": "#0"},
				"south": {"uv": [3.5, 8, 3.25, 9.5], "texture": "#0"},
				"west": {"uv": [3.25, 8, 3, 9.5], "texture": "#0"},
				"up": {"uv": [7.75, 6.75, 7.5, 7], "rotation": 90, "texture": "#0"},
				"down": {"uv": [8, 7, 7.75, 6.75], "rotation": 270, "texture": "#0"}
			}
		},
		{
			"from": [14.58461, 9.38305, 6.45583],
			"to": [16.58461, 12.38305, 8.45583],
			"rotation": {"angle": 45, "axis": "z", "origin": [11.35, 9.95227, 7.70582]},
			"faces": {
				"north": {"uv": [8.5, 7.5, 8.25, 8.25], "texture": "#0"},
				"east": {"uv": [8.5, 6.75, 8.25, 7.5], "texture": "#0"},
				"south": {"uv": [8.25, 7.5, 8, 8.25], "texture": "#0"},
				"west": {"uv": [8.25, 6.75, 8, 7.5], "texture": "#0"},
				"up": {"uv": [8.25, 8.25, 8, 8.5], "rotation": 90, "texture": "#0"},
				"down": {"uv": [8.5, 8.5, 8.25, 8.25], "rotation": 270, "texture": "#0"}
			}
		},
		{
			"from": [7.07776, 13.02156, 5.95583],
			"to": [11.07776, 16.02156, 8.95583],
			"rotation": {"angle": -22.5, "axis": "z", "origin": [11.35, 9.95227, 7.70582]},
			"faces": {
				"north": {"uv": [8.5, 6, 7.5, 6.75], "texture": "#0"},
				"east": {"uv": [3, 8, 2.25, 8.75], "texture": "#0"},
				"south": {"uv": [8.5, 5.25, 7.5, 6], "texture": "#0"},
				"west": {"uv": [2.25, 8, 1.5, 8.75], "texture": "#0"},
				"up": {"uv": [0.75, 8, 0, 9], "rotation": 90, "texture": "#0"},
				"down": {"uv": [1.5, 9, 0.75, 8], "rotation": 270, "texture": "#0"}
			}
		},
		{
			"from": [6.72776, 9.52156, 2.20582],
			"to": [6.72776, 20.52156, 13.20583],
			"rotation": {"angle": -22.5, "axis": "z", "origin": [11.35, 9.95227, 7.70582]},
			"faces": {
				"north": {"uv": [0, 0, 0, 3.5], "texture": "#0"},
				"east": {"uv": [7.25, 3.75, 4.25, 6.75], "texture": "#0"},
				"south": {"uv": [0, 0, 0, 3.5], "texture": "#0"},
				"west": {"uv": [7.25, 0.25, 4.25, 3.25], "texture": "#0"},
				"up": {"uv": [3.5, 0, 0, 0], "rotation": 90, "texture": "#0"},
				"down": {"uv": [3.5, 0, 0, 0], "rotation": 270, "texture": "#0"}
			}
		}
	],
	"display": {
		"thirdperson_righthand": {
			"translation": [0, 4.25, 1.5],
			"scale": [0.5, 0.5, 0.5]
		},
		"thirdperson_lefthand": {
			"translation": [0, 3.5, 1.25],
			"scale": [0.5, 0.5, 0.5]
		},
		"firstperson_righthand": {
			"translation": [6, -2.75, 0]
		},
		"firstperson_lefthand": {
			"translation": [6.5, -2.5, 0]
		},
		"ground": {
			"translation": [0, 3.5, 0],
			"scale": [0.74, 0.74, 0.74]
		},
		"gui": {
			"rotation": [-155.79, 49.92, 176.12],
			"translation": [0.25, -1.25, 0],
			"scale": [0.61, 0.61, 0.61]
		},
		"head": {
			"translation": [0, 9.75, 0]
		},
		"fixed": {
			"rotation": [-52.75, 0, 0],
			"translation": [0, 0.25, -4.5],
			"scale": [0.82, 0.82, 0.82]
		}
	},
	"groups": [
		{
			"name": "group",
			"origin": [8, 8, 8],
			"color": 0,
			"children": [
				{
					"name": "base",
					"origin": [8, 8, 8],
					"color": 0,
					"children": [0]
				},
				1,
				2,
				3,
				4
			]
		}
	]
}