{
	"credit": "Made with Blockbench",
	"texture_size": [32, 32],
	"textures": {
		"1": "block/parchment",
		"3": "block/ink",
		"5": "block/feather"
	},
	"elements": [
		{
			"from": [2, 0.133, 0],
			"to": [14, 0.133, 16],
			"rotation": {"angle": 22.5, "axis": "y", "origin": [8, 0.133, 8]},
			"faces": {
				"north": {"uv": [0, 0, 6, 0], "texture": "#1"},
				"east": {"uv": [0, 0, 8, 0], "texture": "#1"},
				"south": {"uv": [0, 0, 6, 0], "texture": "#1"},
				"west": {"uv": [0, 0, 8, 0], "texture": "#1"},
				"up": {"uv": [6, 8, 0, 0], "texture": "#1"},
				"down": {"uv": [6, 0, 0, 8], "texture": "#1"}
			}
		},
		{
			"from": [3, 0, 8],
			"to": [3, 10, 16],
			"rotation": {"angle": 22.5, "axis": "z", "origin": [-1, 4, 12]},
			"faces": {
				"north": {"uv": [0, 0, 10, 0], "rotation": 270, "texture": "#5"},
				"east": {"uv": [10, 8, 0, 0], "rotation": 90, "texture": "#5"},
				"south": {"uv": [0, 0, 10, 0], "rotation": 90, "texture": "#5"},
				"west": {"uv": [10, 0, 0, 8], "rotation": 90, "texture": "#5"},
				"up": {"uv": [0, 0, 8, 0], "rotation": 90, "texture": "#5"},
				"down": {"uv": [0, 0, 8, 0], "rotation": 90, "texture": "#5"}
			}
		},
		{
			"from": [2, 0, 10],
			"to": [6, 3, 14],
			"rotation": {"angle": 0, "axis": "y", "origin": [2, 0, 10]},
			"faces": {
				"north": {"uv": [8, 8, 12, 11], "texture": "#3"},
				"east": {"uv": [8, 11, 12, 14], "texture": "#3"},
				"south": {"uv": [0, 12, 4, 15], "texture": "#3"},
				"west": {"uv": [12, 0, 16, 3], "texture": "#3"},
				"up": {"uv": [12, 4, 8, 0], "texture": "#3"},
				"down": {"uv": [12, 4, 8, 8], "texture": "#3"}
			}
		},
		{
			"from": [2.5, 0.5, 10.5],
			"to": [5.5, 2.5, 13.5],
			"rotation": {"angle": 0, "axis": "y", "origin": [2, 0, 10]},
			"faces": {
				"north": {"uv": [4, 3, 8, 6], "texture": "#3"},
				"east": {"uv": [4, 6, 8, 9], "texture": "#3"},
				"south": {"uv": [0, 8, 4, 11], "texture": "#3"},
				"west": {"uv": [4, 0, 8, 3], "texture": "#3"},
				"up": {"uv": [4, 4, 0, 0], "texture": "#3"},
				"down": {"uv": [4, 4, 0, 8], "texture": "#3"}
			}
		},
		{
			"from": [3, 3, 11],
			"to": [5, 4, 13],
			"rotation": {"angle": 0, "axis": "y", "origin": [2, 0, 10]},
			"faces": {
				"north": {"uv": [12, 5, 14, 6], "texture": "#3"},
				"east": {"uv": [6, 12, 8, 13], "texture": "#3"},
				"south": {"uv": [12, 6, 14, 7], "texture": "#3"},
				"west": {"uv": [12, 7, 14, 8], "texture": "#3"},
				"up": {"uv": [14, 5, 12, 3], "texture": "#3"},
				"down": {"uv": [6, 12, 4, 14], "texture": "#3"}
			}
		}
	],
	"display": {
		"thirdperson_righthand": {
			"rotation": [0, -90, -55],
			"translation": [0, 4.5, 3.75],
			"scale": [0.85, 0.85, 0.85]
		},
		"thirdperson_lefthand": {
			"rotation": [0, 90, 55],
			"translation": [0, 4.5, 3.75],
			"scale": [0.85, 0.85, 0.85]
		},
		"firstperson_righthand": {
			"rotation": [0, -90, 25],
			"translation": [1.13, 3.2, 1.13],
			"scale": [0.68, 0.68, 0.68]
		},
		"firstperson_lefthand": {
			"rotation": [0, -90, 25],
			"translation": [1.13, 3.2, 1.13],
			"scale": [0.68, 0.68, 0.68]
		},
		"ground": {
			"translation": [0, 3.25, 0]
		},
		"gui": {
			"rotation": [30, 225, 0],
			"translation": [0, 1.25, 0]
		},
		"fixed": {
			"rotation": [-90, 0, 0],
			"translation": [0, 0, -14],
			"scale": [2, 2, 2]
		}
	},
	"groups": [
		0,
		{
			"name": "ink",
			"origin": [8, 8, 8],
			"color": 0,
			"children": [
				{
					"name": "feather",
					"origin": [8, 8, 8],
					"color": 0,
					"children": [1]
				},
				{
					"name": "bottle",
					"origin": [8, 8, 8],
					"color": 0,
					"children": [2, 3, 4]
				}
			]
		}
	]
}