{
	"credit": "Made with Blockbench",
	"textures": {
		"0": "block/spruce_planks",
		"2": "block/stripped_spruce_log",
		"3": "block/spruce_log_top",
		"4": "block/bone_block_top",
		"5": "block/gold_block",
		"particle": "block/glass"
	},
	"elements": [
		{
			"name": "Divider",
			"from": [-0.25, -16, 0.05],
			"to": [15.75, -15, 16.05],
			"rotation": {"angle": 0, "axis": "y", "origin": [7.9, 6.5, 8.05]},
			"faces": {
				"north": {"uv": [0, 16, 1, 0], "rotation": 90, "texture": "#3"},
				"east": {"uv": [16, 0, 0, 1], "rotation": 180, "texture": "#3"},
				"south": {"uv": [0, 16, 1, 0], "rotation": 270, "texture": "#3"},
				"west": {"uv": [16, 0, 0, 1], "texture": "#3"},
				"up": {"uv": [0, 16, 16, 0], "rotation": 270, "texture": "#3"},
				"down": {"uv": [0, 16, 16, 0], "rotation": 270, "texture": "#3"}
			}
		},
		{
			"name": "Back",
			"from": [1.75, 7, 3.05],
			"to": [1.75, 15, 13.05],
			"rotation": {"angle": 0, "axis": "x", "origin": [7.9, 6.5, 8.05]},
			"faces": {
				"east": {"uv": [13, 8, 3, 16], "texture": "#2"},
				"west": {"uv": [13, 8, 3, 16], "texture": "#2"}
			}
		},
		{
			"name": "Back",
			"from": [1.75, -4, 3.05],
			"to": [1.75, 7, 13.05],
			"rotation": {"angle": 0, "axis": "y", "origin": [7.9, 6.5, 8.05]},
			"faces": {
				"east": {"uv": [13, 5, 3, 16], "texture": "#2"},
				"west": {"uv": [13, 0, 3, 11], "texture": "#2"}
			}
		},
		{
			"name": "Wall",
			"from": [2.75, 7, 2.05],
			"to": [12.75, 15, 2.05],
			"rotation": {"angle": 0, "axis": "y", "origin": [7.9, 6.5, 8.05]},
			"faces": {
				"north": {"uv": [13, 8, 3, 16], "texture": "#2"},
				"south": {"uv": [13, 0, 3, 8], "texture": "#2"}
			}
		},
		{
			"name": "Wall",
			"from": [2.75, -4, 2.05],
			"to": [12.75, 7, 2.05],
			"rotation": {"angle": 0, "axis": "y", "origin": [7.9, 6.5, 8.05]},
			"faces": {
				"north": {"uv": [13, 0, 3, 11], "texture": "#2"},
				"south": {"uv": [13, 5, 3, 16], "texture": "#2"}
			}
		},
		{
			"name": "Wall",
			"from": [2.75, 7, 14.05],
			"to": [12.75, 15, 14.05],
			"rotation": {"angle": 0, "axis": "y", "origin": [7.9, 6.5, 8.05]},
			"faces": {
				"north": {"uv": [13, 0, 3, 8], "texture": "#2"},
				"south": {"uv": [13, 8, 3, 16], "texture": "#2"}
			}
		},
		{
			"name": "Wall",
			"from": [2.75, -4, 14.05],
			"to": [12.75, 7, 14.05],
			"rotation": {"angle": 0, "axis": "y", "origin": [7.9, 6.5, 8.05]},
			"faces": {
				"north": {"uv": [13, 5, 3, 16], "texture": "#2"},
				"south": {"uv": [13, 0, 3, 11], "texture": "#2"}
			}
		},
		{
			"name": "Divider",
			"from": [-0.25, -5, 0.05],
			"to": [15.75, -4, 16.05],
			"rotation": {"angle": 0, "axis": "y", "origin": [7.9, 6.5, 8.05]},
			"faces": {
				"north": {"uv": [0, 16, 1, 0], "rotation": 90, "texture": "#3"},
				"east": {"uv": [16, 0, 0, 1], "rotation": 180, "texture": "#3"},
				"south": {"uv": [0, 16, 1, 0], "rotation": 270, "texture": "#3"},
				"west": {"uv": [16, 0, 0, 1], "texture": "#3"},
				"up": {"uv": [0, 16, 16, 0], "rotation": 270, "texture": "#3"},
				"down": {"uv": [0, 16, 16, 0], "rotation": 270, "texture": "#3"}
			}
		},
		{
			"name": "Sides Base",
			"from": [1.75, -15, 0.05],
			"to": [13.75, -5, 16.05],
			"rotation": {"angle": 0, "axis": "y", "origin": [7.9, 6.5, 8.05]},
			"faces": {
				"north": {"uv": [14, 0, 2, 10], "texture": "#2"},
				"south": {"uv": [14, 0, 2, 10], "texture": "#2"},
				"up": {"uv": [0, 0, 0, 0], "rotation": 270, "texture": "#2"}
			}
		},
		{
			"name": "Front/Back Base",
			"from": [-0.25, -15, 2.05],
			"to": [15.75, -5, 8.05],
			"rotation": {"angle": 0, "axis": "y", "origin": [7.9, 6.5, 8.05]},
			"faces": {
				"east": {"uv": [6, 4, 0, 14], "texture": "#2"},
				"west": {"uv": [16, 4, 10, 14], "texture": "#2"},
				"up": {"uv": [0, 0, 0, 0], "rotation": 270, "texture": "#2"}
			}
		},
		{
			"name": "Front/Back Base",
			"from": [-0.25, -15, 8.05],
			"to": [15.75, -5, 14.05],
			"rotation": {"angle": 0, "axis": "y", "origin": [7.9, 6.5, 8.05]},
			"faces": {
				"east": {"uv": [16, 4, 10, 14], "texture": "#2"},
				"west": {"uv": [6, 4, 0, 14], "texture": "#2"},
				"up": {"uv": [0, 0, 0, 0], "rotation": 270, "texture": "#2"}
			}
		},
		{
			"name": "Column",
			"from": [-0.25, -15, 0.05],
			"to": [1.75, -5, 2.05],
			"rotation": {"angle": 0, "axis": "y", "origin": [7.9, 6.5, 8.05]},
			"faces": {
				"north": {"uv": [6, 12, 16, 10], "rotation": 90, "texture": "#0"},
				"west": {"uv": [6, 13, 16, 11], "rotation": 90, "texture": "#0"}
			}
		},
		{
			"name": "Column",
			"from": [-0.25, -15, 14.05],
			"to": [1.75, -5, 16.05],
			"rotation": {"angle": 0, "axis": "y", "origin": [7.9, 6.5, 8.05]},
			"faces": {
				"south": {"uv": [6, 5, 16, 3], "rotation": 90, "texture": "#0"},
				"west": {"uv": [6, 4, 16, 2], "rotation": 90, "texture": "#0"}
			}
		},
		{
			"name": "Column",
			"from": [13.75, -15, 14.05],
			"to": [15.75, -5, 16.05],
			"rotation": {"angle": 0, "axis": "y", "origin": [7.9, 6.5, 8.05]},
			"faces": {
				"east": {"uv": [6, 13, 16, 11], "rotation": 90, "texture": "#0"},
				"south": {"uv": [6, 12, 16, 10], "rotation": 90, "texture": "#0"}
			}
		},
		{
			"name": "Column",
			"from": [13.75, -15, 0.05],
			"to": [15.75, -5, 2.05],
			"rotation": {"angle": 0, "axis": "y", "origin": [7.9, 6.5, 8.05]},
			"faces": {
				"north": {"uv": [6, 5, 16, 3], "rotation": 90, "texture": "#0"},
				"east": {"uv": [6, 4, 16, 2], "rotation": 90, "texture": "#0"}
			}
		},
		{
			"name": "glass",
			"from": [13.25, -4, 3.05],
			"to": [14.25, 5, 13.05],
			"rotation": {"angle": 0, "axis": "y", "origin": [7.9, 6.5, 8.05]},
			"faces": {
				"east": {"uv": [16, 1, 0, 16], "texture": "#particle"},
				"west": {"uv": [16, 1, 0, 16], "texture": "#particle"}
			}
		},
		{
			"name": "glass",
			"from": [13.25, 6, 3.05],
			"to": [14.25, 15, 13.05],
			"rotation": {"angle": 0, "axis": "y", "origin": [7.9, 6.5, 8.05]},
			"faces": {
				"east": {"uv": [16, 0, 0, 15], "texture": "#particle"},
				"west": {"uv": [16, 0, 0, 15], "texture": "#particle"}
			}
		},
		{
			"name": "glass",
			"from": [13.25, 5, 3.05],
			"to": [14.25, 6, 13.05],
			"rotation": {"angle": 0, "axis": "y", "origin": [7.9, 6.5, 8.05]},
			"faces": {
				"east": {"uv": [16, 1, 0, 2], "texture": "#particle"},
				"west": {"uv": [16, 1, 0, 2], "texture": "#particle"}
			}
		},
		{
			"name": "Column",
			"from": [12.75, -4, 13.05],
			"to": [14.75, 7, 15.05],
			"rotation": {"angle": 0, "axis": "y", "origin": [7.9, 6.5, 8.05]},
			"faces": {
				"north": {"uv": [5, 15, 16, 13], "rotation": 90, "texture": "#0"},
				"east": {"uv": [5, 13, 16, 11], "rotation": 90, "texture": "#0"},
				"south": {"uv": [5, 12, 16, 10], "rotation": 90, "texture": "#0"},
				"west": {"uv": [5, 10, 16, 8], "rotation": 90, "texture": "#0"}
			}
		},
		{
			"name": "Column",
			"from": [0.75, -4, 13.05],
			"to": [2.75, 7, 15.05],
			"rotation": {"angle": 0, "axis": "y", "origin": [7.9, 6.5, 8.05]},
			"faces": {
				"north": {"uv": [5, 2, 16, 0], "rotation": 90, "texture": "#0"},
				"east": {"uv": [5, 7, 16, 5], "rotation": 90, "texture": "#0"},
				"south": {"uv": [5, 5, 16, 3], "rotation": 90, "texture": "#0"},
				"west": {"uv": [5, 4, 16, 2], "rotation": 90, "texture": "#0"}
			}
		},
		{
			"name": "Column",
			"from": [0.75, -4, 1.05],
			"to": [2.75, 7, 3.05],
			"rotation": {"angle": 0, "axis": "y", "origin": [7.9, 6.5, 8.05]},
			"faces": {
				"north": {"uv": [5, 12, 16, 10], "rotation": 90, "texture": "#0"},
				"east": {"uv": [5, 10, 16, 8], "rotation": 90, "texture": "#0"},
				"south": {"uv": [5, 15, 16, 13], "rotation": 90, "texture": "#0"},
				"west": {"uv": [5, 13, 16, 11], "rotation": 90, "texture": "#0"}
			}
		},
		{
			"name": "Column Mid",
			"from": [12.75, 7, 1.05],
			"to": [14.75, 15, 3.05],
			"rotation": {"angle": 0, "axis": "y", "origin": [7.9, 6.5, 8.05]},
			"faces": {
				"north": {"uv": [0, 13, 8, 11], "rotation": 90, "texture": "#0"},
				"east": {"uv": [0, 12, 8, 10], "rotation": 90, "texture": "#0"},
				"south": {"uv": [0, 10, 8, 8], "rotation": 90, "texture": "#0"},
				"west": {"uv": [0, 15, 8, 13], "rotation": 90, "texture": "#0"}
			}
		},
		{
			"name": "Column",
			"from": [12.75, -4, 1.05],
			"to": [14.75, 7, 3.05],
			"rotation": {"angle": 0, "axis": "y", "origin": [7.9, 6.5, 8.05]},
			"faces": {
				"north": {"uv": [5, 5, 16, 3], "rotation": 90, "texture": "#0"},
				"east": {"uv": [5, 4, 16, 2], "rotation": 90, "texture": "#0"},
				"south": {"uv": [5, 2, 16, 0], "rotation": 90, "texture": "#0"},
				"west": {"uv": [5, 7, 16, 5], "rotation": 90, "texture": "#0"}
			}
		},
		{
			"name": "Column Mid",
			"from": [12.75, 7, 13.05],
			"to": [14.75, 15, 15.05],
			"rotation": {"angle": 0, "axis": "y", "origin": [7.9, 6.5, 8.05]},
			"faces": {
				"north": {"uv": [0, 7, 8, 5], "rotation": 90, "texture": "#0"},
				"east": {"uv": [0, 5, 8, 3], "rotation": 90, "texture": "#0"},
				"south": {"uv": [0, 4, 8, 2], "rotation": 90, "texture": "#0"},
				"west": {"uv": [0, 2, 8, 0], "rotation": 90, "texture": "#0"}
			}
		},
		{
			"name": "Column Mid",
			"from": [0.75, 7, 13.05],
			"to": [2.75, 15, 15.05],
			"rotation": {"angle": 0, "axis": "y", "origin": [7.9, 6.5, 8.05]},
			"faces": {
				"north": {"uv": [0, 10, 8, 8], "rotation": 90, "texture": "#0"},
				"east": {"uv": [0, 15, 8, 13], "rotation": 90, "texture": "#0"},
				"south": {"uv": [0, 13, 8, 11], "rotation": 90, "texture": "#0"},
				"west": {"uv": [0, 12, 8, 10], "rotation": 90, "texture": "#0"}
			}
		},
		{
			"name": "Column Mid",
			"from": [0.75, 7, 1.05],
			"to": [2.75, 15, 3.05],
			"rotation": {"angle": 0, "axis": "y", "origin": [7.9, 6.5, 8.05]},
			"faces": {
				"north": {"uv": [0, 4, 8, 2], "rotation": 90, "texture": "#0"},
				"east": {"uv": [0, 2, 8, 0], "rotation": 90, "texture": "#0"},
				"south": {"uv": [0, 7, 8, 5], "rotation": 90, "texture": "#0"},
				"west": {"uv": [0, 5, 8, 3], "rotation": 90, "texture": "#0"}
			}
		},
		{
			"name": "Column Mid",
			"from": [12.75, 17, 13.05],
			"to": [14.75, 27, 15.05],
			"rotation": {"angle": 0, "axis": "y", "origin": [7.9, 6.5, 8.05]},
			"faces": {
				"east": {"uv": [0, 13, 10, 11], "rotation": 90, "texture": "#0"},
				"south": {"uv": [0, 12, 10, 10], "rotation": 90, "texture": "#0"}
			}
		},
		{
			"name": "Column Mid",
			"from": [12.75, 17, 1.05],
			"to": [14.75, 27, 3.05],
			"rotation": {"angle": 0, "axis": "y", "origin": [7.9, 6.5, 8.05]},
			"faces": {
				"north": {"uv": [0, 5, 10, 3], "rotation": 90, "texture": "#0"},
				"east": {"uv": [0, 4, 10, 2], "rotation": 90, "texture": "#0"}
			}
		},
		{
			"name": "Column Mid",
			"from": [0.75, 17, 13.05],
			"to": [2.75, 27, 15.05],
			"rotation": {"angle": 0, "axis": "y", "origin": [7.9, 6.5, 8.05]},
			"faces": {
				"south": {"uv": [0, 5, 10, 3], "rotation": 90, "texture": "#0"},
				"west": {"uv": [0, 4, 10, 2], "rotation": 90, "texture": "#0"}
			}
		},
		{
			"name": "Column Mid",
			"from": [0.75, 17, 1.05],
			"to": [2.75, 27, 3.05],
			"rotation": {"angle": 0, "axis": "y", "origin": [7.9, 6.5, 8.05]},
			"faces": {
				"north": {"uv": [0, 12, 10, 10], "rotation": 90, "texture": "#0"},
				"west": {"uv": [0, 13, 10, 11], "rotation": 90, "texture": "#0"}
			}
		},
		{
			"name": "Mid",
			"from": [0.75, 15, 1.05],
			"to": [14.75, 16, 15.05],
			"rotation": {"angle": 0, "axis": "y", "origin": [7.9, 6.5, 8.05]},
			"faces": {
				"north": {"uv": [15, 9, 1, 10], "texture": "#0"},
				"east": {"uv": [15, 9, 1, 10], "texture": "#0"},
				"south": {"uv": [15, 9, 1, 10], "texture": "#0"},
				"west": {"uv": [15, 9, 1, 10], "texture": "#0"},
				"down": {"uv": [1, 15, 15, 1], "rotation": 90, "texture": "#3"}
			}
		},
		{
			"name": "Divider",
			"from": [-0.25, 16, 0.05],
			"to": [15.75, 17, 16.05],
			"rotation": {"angle": 0, "axis": "y", "origin": [7.9, 6.5, 8.05]},
			"faces": {
				"north": {"uv": [0, 16, 1, 0], "rotation": 90, "texture": "#3"},
				"east": {"uv": [16, 0, 0, 1], "rotation": 180, "texture": "#3"},
				"south": {"uv": [0, 16, 1, 0], "rotation": 270, "texture": "#3"},
				"west": {"uv": [16, 15, 0, 16], "texture": "#3"},
				"up": {"uv": [0, 16, 16, 0], "rotation": 270, "texture": "#3"},
				"down": {"uv": [0, 16, 16, 0], "rotation": 90, "texture": "#3"}
			}
		},
		{
			"name": "ClockFace",
			"from": [13.75, 17, 8.05],
			"to": [14.75, 22, 13.05],
			"rotation": {"angle": 0, "axis": "y", "origin": [7.9, 6.5, 8.05]},
			"faces": {
				"east": {"uv": [16, 11, 11, 16], "texture": "#4"}
			}
		},
		{
			"name": "ClockFace",
			"from": [13.75, 17, 3.05],
			"to": [14.75, 22, 8.05],
			"rotation": {"angle": 0, "axis": "y", "origin": [7.9, 6.5, 8.05]},
			"faces": {
				"east": {"uv": [5, 11, 0, 16], "texture": "#4"}
			}
		},
		{
			"name": "ClockFace",
			"from": [13.75, 22, 3.05],
			"to": [14.75, 27, 8.05],
			"rotation": {"angle": 0, "axis": "y", "origin": [7.9, 6.5, 8.05]},
			"faces": {
				"east": {"uv": [5, 0, 0, 5], "texture": "#4"}
			}
		},
		{
			"name": "ClockFace",
			"from": [13.75, 22, 8.05],
			"to": [14.75, 27, 13.05],
			"rotation": {"angle": 0, "axis": "y", "origin": [7.9, 6.5, 8.05]},
			"faces": {
				"east": {"uv": [16, 0, 11, 5], "texture": "#4"}
			}
		},
		{
			"name": "Tick",
			"from": [14.85, 21.5, 12.05],
			"to": [14.85, 22.5, 13.05],
			"rotation": {"angle": 0, "axis": "y", "origin": [7.9, 6.5, 8.05]},
			"faces": {
				"east": {"uv": [1, 1, 0, 2], "texture": "#3"}
			}
		},
		{
			"name": "Tick",
			"from": [14.85, 21.5, 7.55],
			"to": [14.85, 22.5, 8.55],
			"rotation": {"angle": 0, "axis": "y", "origin": [7.9, 6.5, 8.05]},
			"faces": {
				"east": {"uv": [1, 1, 0, 2], "texture": "#3"}
			}
		},
		{
			"name": "Tick",
			"from": [14.85, 19.5, 7.65],
			"to": [15.15, 22.4, 8.45],
			"rotation": {"angle": 0, "axis": "z", "origin": [7.9, 6.5, 8.05]},
			"faces": {
				"north": {"uv": [0, 2, 1, 1], "rotation": 270, "texture": "#3"},
				"east": {"uv": [0, 2, 1, 1], "rotation": 270, "texture": "#3"},
				"south": {"uv": [0, 2, 1, 1], "rotation": 270, "texture": "#3"},
				"up": {"uv": [1, 1, 0, 2], "rotation": 180, "texture": "#3"},
				"down": {"uv": [1, 1, 0, 2], "texture": "#3"}
			}
		},
		{
			"name": "Tick",
			"from": [14.85, 17.24803, -3.32229],
			"to": [15.25, 21.24803, -2.52229],
			"rotation": {"angle": 45, "axis": "x", "origin": [7.9, 6.5, 8.05]},
			"faces": {
				"north": {"uv": [0, 1, 1, 2], "texture": "#3"},
				"east": {"uv": [0, 1, 1, 2], "texture": "#3"},
				"south": {"uv": [0, 1, 1, 2], "texture": "#3"},
				"up": {"uv": [1, 2, 0, 1], "rotation": 270, "texture": "#3"},
				"down": {"uv": [1, 2, 0, 1], "rotation": 90, "texture": "#3"}
			}
		},
		{
			"name": "Tick",
			"from": [14.85, 21.5, 3.05],
			"to": [14.85, 22.5, 4.05],
			"rotation": {"angle": 0, "axis": "z", "origin": [7.9, 6.5, 8.05]},
			"faces": {
				"east": {"uv": [1, 1, 0, 2], "rotation": 180, "texture": "#3"}
			}
		},
		{
			"name": "Tick",
			"from": [14.85, 17, 7.55],
			"to": [14.85, 18, 8.55],
			"rotation": {"angle": 0, "axis": "z", "origin": [7.9, 6.5, 8.05]},
			"faces": {
				"east": {"uv": [0, 2, 1, 1], "rotation": 90, "texture": "#3"}
			}
		},
		{
			"name": "Tick",
			"from": [14.85, 26, 7.55],
			"to": [14.85, 27, 8.55],
			"rotation": {"angle": 0, "axis": "z", "origin": [7.9, 6.5, 8.05]},
			"faces": {
				"east": {"uv": [0, 2, 1, 1], "rotation": 270, "texture": "#3"}
			}
		},
		{
			"name": "Tick",
			"from": [14.85, 16.96016, 1.83984],
			"to": [14.85, 17.96016, 2.83984],
			"rotation": {"angle": 45, "axis": "x", "origin": [7.9, 6.5, 8.05]},
			"faces": {
				"east": {"uv": [1, 1, 0, 2], "texture": "#3"}
			}
		},
		{
			"name": "Tick",
			"from": [14.85, 11.71016, -3.41016],
			"to": [14.85, 12.71016, -2.41016],
			"rotation": {"angle": 45, "axis": "x", "origin": [7.9, 6.5, 8.05]},
			"faces": {
				"east": {"uv": [0, 2, 1, 1], "rotation": 90, "texture": "#3"}
			}
		},
		{
			"name": "Tick",
			"from": [14.85, 16.96016, -8.66016],
			"to": [14.85, 17.96016, -7.66016],
			"rotation": {"angle": 45, "axis": "x", "origin": [7.9, 6.5, 8.05]},
			"faces": {
				"east": {"uv": [1, 1, 0, 2], "rotation": 180, "texture": "#3"}
			}
		},
		{
			"name": "Tick",
			"from": [14.85, 22.21016, -3.41016],
			"to": [14.85, 23.21016, -2.41016],
			"rotation": {"angle": 45, "axis": "x", "origin": [7.9, 6.5, 8.05]},
			"faces": {
				"east": {"uv": [0, 2, 1, 1], "rotation": 270, "texture": "#3"}
			}
		},
		{
			"name": "Wall",
			"from": [2.75, 17, 1.05],
			"to": [12.75, 27, 15.05],
			"rotation": {"angle": 0, "axis": "y", "origin": [7.9, 6.5, 8.05]},
			"faces": {
				"north": {"uv": [13, 0, 3, 10], "texture": "#2"},
				"south": {"uv": [13, 0, 3, 10], "rotation": 180, "texture": "#2"}
			}
		},
		{
			"name": "Wall",
			"from": [0.75, 17, 3.05],
			"to": [0.75, 27, 13.05],
			"rotation": {"angle": 0, "axis": "y", "origin": [7.9, 6.5, 8.05]},
			"faces": {
				"west": {"uv": [13, 2, 3, 12], "texture": "#2"}
			}
		},
		{
			"name": "Divider",
			"from": [-0.25, 27, 0.05],
			"to": [15.75, 28, 16.05],
			"rotation": {"angle": 0, "axis": "y", "origin": [7.9, 6.5, 8.05]},
			"faces": {
				"north": {"uv": [16, 0, 0, 1], "rotation": 180, "texture": "#3"},
				"east": {"uv": [0, 16, 1, 0], "rotation": 270, "texture": "#3"},
				"south": {"uv": [16, 15, 0, 16], "texture": "#3"},
				"west": {"uv": [0, 16, 1, 0], "rotation": 90, "texture": "#3"},
				"up": {"uv": [16, 0, 0, 16], "texture": "#3"},
				"down": {"uv": [16, 0, 0, 16], "texture": "#3"}
			}
		},
		{
			"name": "Top",
			"from": [0.75, 28, 1.05],
			"to": [14.75, 29, 15.05],
			"rotation": {"angle": 0, "axis": "y", "origin": [7.9, 6.5, 8.05]},
			"faces": {
				"north": {"uv": [15, 15, 16, 1], "rotation": 90, "texture": "#2"},
				"east": {"uv": [15, 0, 1, 1], "rotation": 180, "texture": "#2"},
				"south": {"uv": [0, 15, 1, 1], "rotation": 270, "texture": "#2"},
				"west": {"uv": [15, 15, 1, 16], "texture": "#2"},
				"up": {"uv": [1, 15, 15, 1], "rotation": 270, "texture": "#2"}
			}
		},
		{
			"from": [6.9, -2, 6.5],
			"to": [8.9, 1, 9.5],
			"rotation": {"angle": 0, "axis": "y", "origin": [7.9, 6.5, 8.05]},
			"faces": {
				"north": {"uv": [7, 7, 9, 10], "texture": "#5"},
				"east": {"uv": [6, 6, 9, 9], "texture": "#5"},
				"south": {"uv": [6, 5, 8, 8], "texture": "#5"},
				"west": {"uv": [6, 5, 9, 8], "texture": "#5"},
				"up": {"uv": [6, 6, 8, 9], "rotation": 180, "texture": "#5"},
				"down": {"uv": [7, 6, 9, 9], "rotation": 180, "texture": "#5"}
			}
		},
		{
			"from": [7.3, 1, 7.5],
			"to": [8.3, 15, 8.5],
			"rotation": {"angle": 0, "axis": "y", "origin": [7.9, 6.5, 8.05]},
			"faces": {
				"north": {"uv": [0, 0, 1, 14], "texture": "#3"},
				"east": {"uv": [0, 0, 1, 14], "texture": "#3"},
				"south": {"uv": [0, 0, 1, 14], "texture": "#3"},
				"west": {"uv": [0, 0, 1, 14], "texture": "#3"}
			}
		}
	],
	"display": {
		"thirdperson_righthand": {
			"translation": [0, 1.25, 0],
			"scale": [0.25, 0.25, 0.25]
		},
		"thirdperson_lefthand": {
			"translation": [0, 1.25, 0],
			"scale": [0.25, 0.25, 0.25]
		},
		"firstperson_righthand": {
			"rotation": [-10, 135, 0],
			"translation": [1, 0, 0],
			"scale": [0.4, 0.4, 0.4]
		},
		"firstperson_lefthand": {
			"rotation": [-10, 135, 0],
			"translation": [1, 0, 0],
			"scale": [0.4, 0.4, 0.4]
		},
		"ground": {
			"translation": [0, 3.5, 0],
			"scale": [0.3, 0.3, 0.3]
		},
		"gui": {
			"rotation": [20.5, -150, 0],
			"translation": [0, 0.75, 0],
			"scale": [0.3, 0.35, 0.3]
		},
		"head": {
			"translation": [0, 16, 0],
			"scale": [1.002, 1.001, 1.002]
		},
		"fixed": {
			"rotation": [-90, 0, 0],
			"translation": [0, 1, -29.75],
			"scale": [1.25, 1.25, 1.25]
		}
	},
	"groups": [
		{
			"name": "group",
			"origin": [0, 0, 0],
			"color": 0,
			"children": [
				0,
				1,
				2,
				3,
				4,
				5,
				6,
				7,
				8,
				9,
				10,
				11,
				12,
				13,
				14,
				15,
				16,
				17,
				18,
				19,
				20,
				21,
				22,
				23,
				24,
				25,
				26,
				27,
				28,
				29,
				30,
				31,
				32,
				33,
				34,
				35,
				36,
				37,
				38,
				39,
				40,
				41,
				42,
				43,
				44,
				45,
				46,
				47,
				48,
				49,
				50,
				51,
				52
			]
		}
	]
}