{
	"credit": "Made with Blockbench",
	"textures": {
		"0": "block/azalea",
		"particle": "block/azalea"
	},
	"elements": [
		{
			"from": [3.6, -0.4, 3.6],
			"to": [12.4, 8, 12.4],
			"faces": {
				"north": {"uv": [4, 2, 6, 4], "texture": "#0"},
				"east": {"uv": [2, 2, 4, 4], "texture": "#0"},
				"south": {"uv": [0, 2, 2, 4], "texture": "#0"},
				"west": {"uv": [6, 2, 8, 4], "texture": "#0"},
				"up": {"uv": [2, 0, 4, 2], "texture": "#0"},
				"down": {"uv": [4, 0, 6, 2], "texture": "#0"}
			}
		},
		{
			"from": [3.6, 8, 3.6],
			"to": [12.4, 16.4, 12.4],
			"rotation": {"angle": 0, "axis": "y", "origin": [8, 12.2, 8]},
			"faces": {
				"north": {"uv": [6, 2, 8, 4], "texture": "#0"},
				"east": {"uv": [4, 2, 6, 4], "texture": "#0"},
				"south": {"uv": [2, 2, 4, 4], "texture": "#0"},
				"west": {"uv": [0, 2, 2, 4], "texture": "#0"},
				"up": {"uv": [2, 0, 4, 2], "rotation": 90, "texture": "#0"},
				"down": {"uv": [4, 0, 6, 2], "rotation": 270, "texture": "#0"}
			}
		}
	],
	"display": {
		"thirdperson_righthand": {
			"rotation": [6, 16.5, -19],
			"translation": [-1.25, 0.75, 0],
			"scale": [0.4, 0.4, 0.4]
		},
		"thirdperson_lefthand": {
			"rotation": [6, 16.5, -19],
			"translation": [-1.25, 0.75, 0],
			"scale": [0.4, 0.4, 0.4]
		},
		"firstperson_righthand": {
			"rotation": [9, 7.25, -5.75],
			"translation": [1.25, 1, 0],
			"scale": [0.3, 0.3, 0.3]
		},
		"ground": {
			"scale": [0.4, 0.4, 0.4]
		},
		"gui": {
			"rotation": [11.26, -33.94, -7.46],
			"scale": [0.7, 0.7, 0.7]
		},
		"head": {
			"translation": [0, 14.75, 0]
		}
	}
}