{
	"credit": "Made with Blockbench",
	"texture_size": [32, 32],
	"textures": {
		"1": "block/lamp",
		"4": "block/candle_torch"
	},
	"elements": [
		{
			"from": [5, 1, 11],
			"to": [11, 9, 11],
			"rotation": {"angle": 0, "axis": "y", "origin": [7, 0, 7]},
			"faces": {
				"north": {"uv": [7.5, 0, 10.5, 4], "texture": "#1"},
				"east": {"uv": [7.5, 0, 10.5, 4], "texture": "#1"},
				"south": {"uv": [7.5, 0, 10.5, 4], "texture": "#1"},
				"west": {"uv": [7.5, 0, 10.5, 4], "texture": "#1"},
				"up": {"uv": [7.5, 0, 10.5, 4], "texture": "#1"},
				"down": {"uv": [7.5, 0, 10.5, 4], "texture": "#1"}
			}
		},
		{
			"from": [5, 1, 5],
			"to": [5, 9, 11],
			"rotation": {"angle": 0, "axis": "y", "origin": [7, 0, 7]},
			"faces": {
				"north": {"uv": [0, 8, 3, 12], "texture": "#1"},
				"east": {"uv": [0, 8, 3, 12], "texture": "#1"},
				"south": {"uv": [0, 8, 3, 12], "texture": "#1"},
				"west": {"uv": [0, 8, 3, 12], "texture": "#1"},
				"up": {"uv": [0, 8, 3, 12], "texture": "#1"},
				"down": {"uv": [0, 8, 3, 12], "texture": "#1"}
			}
		},
		{
			"from": [5, 9, 5],
			"to": [11, 9, 11],
			"rotation": {"angle": 0, "axis": "y", "origin": [7, 0, 7]},
			"faces": {
				"north": {"uv": [10.5, 7, 7.5, 4], "texture": "#1"},
				"east": {"uv": [10.5, 7, 7.5, 4], "texture": "#1"},
				"south": {"uv": [10.5, 7, 7.5, 4], "texture": "#1"},
				"west": {"uv": [10.5, 7, 7.5, 4], "texture": "#1"},
				"up": {"uv": [10.5, 7, 7.5, 4], "texture": "#1"},
				"down": {"uv": [10.5, 7, 7.5, 4], "texture": "#1"}
			}
		},
		{
			"from": [5, 1, 5],
			"to": [11, 9, 5],
			"rotation": {"angle": 0, "axis": "y", "origin": [7, 0, 7]},
			"faces": {
				"north": {"uv": [4, 7, 7, 11], "texture": "#1"},
				"east": {"uv": [4, 7, 7, 11], "texture": "#1"},
				"south": {"uv": [4, 7, 7, 11], "texture": "#1"},
				"west": {"uv": [4, 7, 7, 11], "texture": "#1"},
				"up": {"uv": [4, 7, 7, 11], "texture": "#1"},
				"down": {"uv": [4, 7, 7, 11], "texture": "#1"}
			}
		},
		{
			"from": [11, 1, 5],
			"to": [11, 9, 11],
			"rotation": {"angle": 0, "axis": "y", "origin": [7, 0, 7]},
			"faces": {
				"north": {"uv": [7, 7, 10, 11], "texture": "#1"},
				"east": {"uv": [7, 7, 10, 11], "texture": "#1"},
				"south": {"uv": [7, 7, 10, 11], "texture": "#1"},
				"west": {"uv": [7, 7, 10, 11], "texture": "#1"},
				"up": {"uv": [7, 7, 10, 11], "texture": "#1"},
				"down": {"uv": [7, 7, 10, 11], "texture": "#1"}
			}
		},
		{
			"from": [6.5, 9, 6.5],
			"to": [9.5, 10, 9.5],
			"rotation": {"angle": 0, "axis": "y", "origin": [6.5, 0, 6.5]},
			"faces": {
				"north": {"uv": [10.5, 6.5, 12, 7], "texture": "#1"},
				"east": {"uv": [3, 11, 4.5, 11.5], "texture": "#1"},
				"south": {"uv": [4.5, 11, 6, 11.5], "texture": "#1"},
				"west": {"uv": [6, 11, 7.5, 11.5], "texture": "#1"},
				"up": {"uv": [11.5, 11.5, 10, 10], "texture": "#1"},
				"down": {"uv": [12, 0, 10.5, 1.5], "texture": "#1"}
			}
		},
		{
			"from": [8, 10, 4],
			"to": [8, 18, 12],
			"rotation": {"angle": 0, "axis": "y", "origin": [8, 14, 8]},
			"faces": {
				"north": {"uv": [0, 0, 0, 4], "texture": "#1"},
				"east": {"uv": [4, 0, 0, 4], "texture": "#1"},
				"south": {"uv": [0, 0, 0, 4], "texture": "#1"},
				"west": {"uv": [0, 0, 4, 4], "texture": "#1"},
				"up": {"uv": [0, 4, 0, 0], "texture": "#1"},
				"down": {"uv": [0, 0, 0, 4], "texture": "#1"}
			}
		},
		{
			"from": [7, 10, 7],
			"to": [9, 11, 9],
			"rotation": {"angle": 0, "axis": "y", "origin": [7, 0, 7]},
			"faces": {
				"north": {"uv": [3, 10, 4, 10.5], "texture": "#1"},
				"east": {"uv": [3, 10.5, 4, 11], "texture": "#1"},
				"south": {"uv": [9, 11, 10, 11.5], "texture": "#1"},
				"west": {"uv": [7.5, 11.5, 8.5, 12], "texture": "#1"},
				"up": {"uv": [4, 9, 3, 8], "texture": "#1"},
				"down": {"uv": [4, 9, 3, 10], "texture": "#1"}
			}
		},
		{
			"from": [6.5, 11, 6.5],
			"to": [9.5, 11.5, 9.5],
			"rotation": {"angle": 0, "axis": "y", "origin": [6.5, 0, 6.5]},
			"faces": {
				"north": {"uv": [7.5, 11, 9, 11.5], "texture": "#1"},
				"east": {"uv": [3, 11.5, 4.5, 12], "texture": "#1"},
				"south": {"uv": [4.5, 11.5, 6, 12], "texture": "#1"},
				"west": {"uv": [6, 11.5, 7.5, 12], "texture": "#1"},
				"up": {"uv": [12, 3, 10.5, 1.5], "texture": "#1"},
				"down": {"uv": [12, 3, 10.5, 4.5], "texture": "#1"}
			}
		},
		{
			"from": [4.75, 0, 4.75],
			"to": [11.25, 1, 11.25],
			"rotation": {"angle": 0, "axis": "y", "origin": [6.75, 0, 7.75]},
			"faces": {
				"north": {"uv": [10.5, 4.5, 14, 5], "texture": "#1"},
				"east": {"uv": [10.5, 5, 14, 5.5], "texture": "#1"},
				"south": {"uv": [10.5, 5.5, 14, 6], "texture": "#1"},
				"west": {"uv": [10.5, 6, 14, 6.5], "texture": "#1"},
				"up": {"uv": [7.5, 3.5, 4, 0], "texture": "#1"},
				"down": {"uv": [7.5, 3.5, 4, 7], "texture": "#1"}
			}
		},
		{
			"from": [7.5, 5, 8],
			"to": [8.5, 7, 8],
			"rotation": {"angle": 0, "axis": "y", "origin": [8.5, 0, 8]},
			"faces": {
				"north": {"uv": [10, 2, 12, 4], "texture": "#4"},
				"east": {"uv": [0, 0, 0, 1], "texture": "#4"},
				"south": {"uv": [10, 0, 12, 2], "texture": "#4"},
				"west": {"uv": [0, 0, 0, 1], "texture": "#4"},
				"up": {"uv": [0, 1, 0, 0], "rotation": 90, "texture": "#4"},
				"down": {"uv": [0, 0, 0, 1], "rotation": 270, "texture": "#4"}
			}
		},
		{
			"from": [8, 5, 7.5],
			"to": [8, 7, 8.5],
			"rotation": {"angle": 0, "axis": "y", "origin": [8, 7, 8]},
			"faces": {
				"north": {"uv": [0, 0, 0, 1], "texture": "#4"},
				"east": {"uv": [10, 4, 12, 6], "texture": "#4"},
				"south": {"uv": [0, 0, 0, 1], "texture": "#4"},
				"west": {"uv": [10, 2, 12, 4], "texture": "#4"},
				"up": {"uv": [0, 1, 0, 0], "rotation": 180, "texture": "#4"},
				"down": {"uv": [0, 0, 0, 1], "rotation": 180, "texture": "#4"}
			}
		},
		{
			"from": [6.8, -1.2, 6.8],
			"to": [9.2, 5.2, 9.2],
			"rotation": {"angle": 0, "axis": "y", "origin": [0, 0, -1]},
			"faces": {
				"north": {"uv": [6, 0, 8, 6], "texture": "#4"},
				"east": {"uv": [2, 6, 4, 12], "texture": "#4"},
				"south": {"uv": [4, 6, 6, 12], "texture": "#4"},
				"west": {"uv": [6, 6, 8, 12], "texture": "#4"},
				"up": {"uv": [10, 2, 8, 0], "texture": "#4"},
				"down": {"uv": [10, 6, 8, 8], "texture": "#4"}
			}
		},
		{
			"from": [7, 1, 7],
			"to": [9, 5, 9],
			"rotation": {"angle": 0, "axis": "y", "origin": [0, 0, -1]},
			"faces": {
				"north": {"uv": [2, 0, 4, 4], "texture": "#4"},
				"east": {"uv": [0, 0, 2, 4], "texture": "#4"},
				"south": {"uv": [4, 0, 6, 4], "texture": "#4"},
				"west": {"uv": [0, 6, 2, 10], "texture": "#4"},
				"up": {"uv": [8, 2, 6, 0], "texture": "#4"},
				"down": {"uv": [10, 2, 8, 4], "texture": "#4"}
			}
		}
	],
	"display": {
		"thirdperson_righthand": {
			"rotation": [70.25, 0, 0],
			"translation": [0, -2.75, -4.5]
		},
		"thirdperson_lefthand": {
			"rotation": [70.25, 0, 0],
			"translation": [0, -2.75, -4.5]
		},
		"ground": {
			"translation": [0, 3.25, 0]
		},
		"gui": {
			"rotation": [30, 225, 0],
			"translation": [0, 1.25, 0]
		},
		"fixed": {
			"rotation": [-90, 0, 0],
			"translation": [0, 0, -14],
			"scale": [2, 2, 2]
		}
	},
	"groups": [
		{
			"name": "group",
			"origin": [6.75, 0, 7.75],
			"color": 0,
			"children": [0, 1, 2, 3, 4, 5, 6, 7, 8, 9]
		},
		{
			"name": "group",
			"origin": [8, 8, 8],
			"color": 0,
			"children": [
				{
					"name": "group",
					"origin": [8, 8, 8],
					"color": 0,
					"children": [10, 11]
				},
				12,
				13
			]
		}
	]
}