{
	"credit": "Made with Blockbench",
	"texture_size": [32, 32],
	"textures": {
		"2": "item/fuze_tea_"
	},
	"elements": [
		{
			"from": [7, 2, 6],
			"to": [11, 14, 10],
			"faces": {
				"north": {"uv": [11, 5, 12, 8], "texture": "#2"},
				"east": {"uv": [12, 5, 13, 8], "texture": "#2"},
				"south": {"uv": [13, 5, 14, 8], "texture": "#2"},
				"west": {"uv": [10, 5, 11, 8], "texture": "#2"},
				"up": {"uv": [11, 4, 12, 5], "texture": "#2"},
				"down": {"uv": [12, 4, 13, 5], "texture": "#2"}
			}
		}
	],
	"display": {
		"thirdperson_righthand": {
			"rotation": [68, 0, 0],
			"translation": [-0.5, -3.25, 6.5]
		},
		"thirdperson_lefthand": {
			"rotation": [67, 0, 0],
			"translation": [1.5, -3.25, 6.5]
		},
		"firstperson_righthand": {
			"translation": [0.25, 0, 0]
		},
		"firstperson_lefthand": {
			"translation": [19.5, 0, 0]
		},
		"gui": {
			"rotation": [10, -30, -20],
			"translation": [1.25, 2.75, 0],
			"scale": [1.1, 1.1, 1.1]
		},
		"head": {
			"translation": [0, 14.25, 0]
		},
		"fixed": {
			"rotation": [-90, 0, 0],
			"translation": [0, 0, -15],
			"scale": [2, 2, 2]
		}
	}
}