{
    "parent": "item/handheld",
    "textures": {
        "layer0": "item/bone"
    },
    "display": {
        "head": {
            "rotation": [ 0, 0, -45 ],
            "translation": [ 0, -4.5, -6.5],
            "scale":[ 1, 1, 1 ]
        }
  },
"overrides": 
[
  { "predicate": { "custom_model_data": 1 }, "model": "custom/poudayarms"},
  { "predicate": { "custom_model_data": 2 }, "model": "custom/fuze_tea_rightarm"},
  { "predicate": { "custom_model_data": 3 }, "model": "custom/fuze_tea_leftarm"}
]

}