{
	"menu.music" : {
		"sounds":[
			"custom:menumusic"
		]
	},
	
	"menu.click" : {
		"sounds":[
			"custom:buttoninteraction"
		]
	},
	
	"menu.startmap" : {
		"sounds":[
			"custom:musicstartmap"
		]
	},
	
	"menu.pass" : {
		"sounds":[
			"custom:passmenu"
		]
	},
	
	"villager.speak.1" : {
		"sounds":[
			"custom:villagerspeak1"
		]
	},
	
	"villager.speak.2" : {
		"sounds":[
			"custom:villagerspeak2"
		]
	},
	
	"villager.speak.3" : {
		"sounds":[
			"custom:villagerspeak3"
		]
	},
	
	"villager.speak.4" : {
		"sounds":[
			"custom:villagerspeak4"
		]
	},
	
	"villager.speak.5" : {
		"sounds":[
			"custom:villagerspeak5"
		]
	},
	
	"villager.pain" : {
		"sounds":[
			"custom:villagerpain"
		]
	},
	
	"player.breath" : {
		"sounds":[
			"custom:playerbreath"
		]
	},
	
	"villager.conflict" : {
		"sounds":[
			"custom:villagerconflict"
		]
	}
}